session;created;modified;ended;expired;datenschutz;tfe_tfe_01;tfe_tfe_02;tfe_tfe_03;tfe_tfe_04;tfe_tfe_05;tfe_tfe_06;tfe_tfe_07;tfe_tfe_08;tfe_tfe_09;tfe_tfe_10;tfe_tfe_11;tfe_tfe_12;tfe_did_01;tfe_did_02;tfe_did_03;tfe_did_04;tfe_did_05;tfe_did_06;tfe_did_07;tfe_did_08;tfe_did_09;tfe_did_10;tfo_tfo_01;tfo_tfo_02;tfo_tfo_03;tfo_tfo_04;tfo_tfo_05;tfo_tfo_06;tfo_tfo_07;tfo_tfo_08;tfo_tfo_09;tfo_sel_01;tfo_sel_02;tfo_sel_03;tfo_sel_04;tfo_sel_05;tfo_sel_06;tfo_sel_07;tfo_sel_08;tfo_sel_09;tfo_enr_01;tfo_enr_02;tfo_enr_03;tfo_enr_04;tfo_enr_05;tfo_enr_06;tfo_enr_07;tfo_enr_08;tfo_enr_09;tfo_ada_01;tfo_ada_02;tfo_ada_03;tfo_ada_04;tfo_ada_05;tfo_ada_06;tfo_ada_07;tfo_ada_08;tfo_ada_09;rel_rel_01;rel_rel_02;rel_rel_03;rel_rel_04;rel_rel_05;rel_rel_06;rel_rel_07;rel_rel_08;rel_rel_09;standort;standort_other;semester;lehramt;lehramt_other;fach;fach_other
WQ2_C-RUFgpO3beQDskeFpKSmKfmvRYvUc4UtKsEFf3NNpNdNl7M7lXKBwjogzOd;14.01.2019 18:18;14.01.2019 18:20;14.01.2019 18:20;;1;1;1;1;1;1;1;1;1;1;1;1;1;1;1;1;1;1;1;1;1;1;1;1;1;1;1;1;1;1;1;1;1;1;1;1;1;1;1;1;1;1;1;1;1;1;1;1;1;1;1;1;1;1;1;1;1;1;1;1;1;1;1;1;1;1;1;1;1;;1;2;;;
WQ2_C-RUFgpO3beQDskeFpKSmKfmvRYvUc4UtKsEFf3NNpNdNl7M7lXKBwjogzOd;14.01.2019 18:20;14.01.2019 18:22;14.01.2019 18:22;;1;6;6;6;6;6;6;6;6;6;6;6;6;6;6;6;6;6;6;6;6;6;6;6;6;6;6;6;6;6;6;6;6;6;6;6;6;6;6;6;6;6;6;6;6;6;6;6;6;6;6;6;6;6;6;6;6;6;6;6;6;6;6;6;6;6;6;6;1;;1;1;;;
1IvFokZLh4EPXJA9kHwa5v6ClzyR4o22EbXuApkWwUTGe0BUL2ZLGlHE0VrxgxD7;14.01.2019 18:21;14.01.2019 18:21;;;;;;;;;;;2;;;1;;;;;;3;3;;;;;2;2;;;;;;;5;4;2;;;;4;;;;;6;;;;;;4;5;;;5;;;;6;;5;;;;;;;;;;;;;;;;
WQ2_C-RUFgpO3beQDskeFpKSmKfmvRYvUc4UtKsEFf3NNpNdNl7M7lXKBwjogzOd;14.01.2019 18:22;;;;;;;;;;;;;;;;;;;;;;;;;;;;;;;;;;;;;;;;;;;;;;;;;;;;;;;;;;;;;;;;;;;;;;;;;;;;;;
Aw24tDql5mwOs119HqhrQaLKMquwerVIQJg4MGg-7cht5ezpyk3jvra3iQcrC55e;14.01.2019 18:25;14.01.2019 18:28;14.01.2019 18:28;;1;4;3;3;3;4;4;3;3;3;4;2;3;3;3;6;3;3;4;3;3;4;3;3;3;4;4;4;3;3;4;4;3;3;4;3;4;3;3;3;4;3;3;4;4;4;2;4;4;3;4;3;4;4;3;2;4;3;4;3;3;3;3;3;3;3;4;2;6;asdfadf;14;1;;;
Aw24tDql5mwOs119HqhrQaLKMquwerVIQJg4MGg-7cht5ezpyk3jvra3iQcrC55e;14.01.2019 18:28;;;;;;;;;;;;;;;;;;;;;;;;;;;;;;;;;;;;;;;;;;;;;;;;;;;;;;;;;;;;;;;;;;;;;;;;;;;;;;
cautiousRoseateSpoonbillXXX93D4nYflvfme7o68DbiGPY0sT9dfAna7tdA0N;14.01.2019 18:30;14.01.2019 18:31;14.01.2019 18:31;;1;1;1;1;1;1;1;1;1;1;1;1;1;1;1;1;1;1;1;1;1;1;1;1;1;1;1;1;1;1;1;1;1;1;1;1;1;1;1;1;1;1;1;1;1;1;1;1;1;1;1;1;1;1;1;1;1;1;1;1;1;1;1;1;1;1;1;1;1;;1;1;;;
cautiousRoseateSpoonbillXXX93D4nYflvfme7o68DbiGPY0sT9dfAna7tdA0N;14.01.2019 18:34;14.01.2019 18:35;14.01.2019 18:35;;1;1;1;1;1;1;1;1;1;1;1;1;1;1;1;1;1;1;1;1;1;1;1;1;1;1;1;1;1;1;1;1;1;1;1;1;1;1;1;1;1;1;1;1;1;1;1;1;1;1;1;1;1;1;1;1;1;1;1;1;1;1;1;1;1;1;1;1;1;;1;1;;;
doubtfulKoalaXXXdXwM5_6T0Wmhb_9OJcloY9o75YJQ1GhdQI9Glw6VsfTTuy52;14.01.2019 18:35;14.01.2019 18:35;14.01.2019 18:35;;1;1;1;1;1;1;1;1;1;1;1;1;1;1;1;1;1;1;1;1;1;1;1;1;1;1;1;1;1;1;1;1;1;1;1;1;1;1;1;1;1;1;1;1;1;1;1;1;1;1;1;1;1;1;1;1;1;1;1;1;1;1;1;1;1;1;1;1;1;;1;1;;;
doubtfulKoalaXXXdXwM5_6T0Wmhb_9OJcloY9o75YJQ1GhdQI9Glw6VsfTTuy52;14.01.2019 18:37;14.01.2019 18:37;14.01.2019 18:37;;1;1;1;1;1;1;1;1;1;1;1;1;1;1;1;1;1;1;1;1;1;1;1;1;1;1;1;1;1;1;1;1;1;1;1;1;1;1;1;1;1;1;1;1;1;1;1;1;1;1;1;1;1;1;1;1;1;1;1;1;1;1;1;1;1;1;1;1;1;;1;1;;;
yVRSpPcdVe2DoMIgfQszqxPRj_AquJb3ej0ML6GTSiF2hGDjp0Df_x0eV6-Uh4DE;14.01.2019 19:48;;;;;;;;;;;;;;;;;;;;;;;;;;;;;;;;;;;;;;;;;;;;;;;;;;;;;;;;;;;;;;;;;;;;;;;;;;;;;;
famousCentipedeXXXRZCiXcWlbmkFTj8XS8avzo60EMOH1IC8X3ro1-OkBmmByK;15.01.2019 12:34;15.01.2019 12:35;15.01.2019 12:35;;1;1;1;1;1;1;1;1;1;1;1;1;1;1;1;1;1;1;1;1;1;1;1;1;1;1;1;1;1;1;1;1;1;1;1;1;1;1;1;1;1;1;1;1;1;1;1;1;1;1;1;1;1;1;1;1;1;1;1;1;1;1;1;1;1;1;1;1;6;;2;2;;;
famousCentipedeXXXRZCiXcWlbmkFTj8XS8avzo60EMOH1IC8X3ro1-OkBmmByK;15.01.2019 12:36;;;;;;;;;;;;;;;;;;;;;;;;;;;;;;;;;;;;;;;;;;;;;;;;;;;;;;;;;;;;;;;;;;;;;;;;;;;;;;
tGpQNl2VPfGqGcPgL81KNYGQtUpfy8ts-KYO3i2BvWM4-eoWEl8V1HLnPCQbKIa5;25.01.2019 07:56;25.01.2019 08:08;25.01.2019 08:08;;1;3;1;1;1;1;2;2;2;2;3;1;4;3;1;2;2;2;3;5;5;3;2;1;5;1;1;3;3;6;5;4;5;5;5;3;5;3;2;2;5;6;4;3;3;6;4;6;5;5;4;4;5;4;4;2;3;5;6;4;5;6;6;6;6;3;5;5;2;;50;5;;51;
tGpQNl2VPfGqGcPgL81KNYGQtUpfy8ts-KYO3i2BvWM4-eoWEl8V1HLnPCQbKIa5;28.01.2019 08:43;28.01.2019 08:43;;;;;;;;;;;;;;;;;;;;;;;;;;;;;;;;;;;;;;;;;;;;;;;;;;;;;;;;;;;;;;;;;;;;;;;;;;;;;
AUP34EkrMGLOQfODz5jogoCK2W9FieYH_E4v4WjoHuQ9uKxHBeDsjVW2AnV_a-K9;28.01.2019 08:52;28.01.2019 09:48;28.01.2019 09:48;;1;3;3;5;4;2;5;5;5;5;5;2;2;5;4;5;4;4;3;4;5;4;5;5;4;4;5;5;3;5;4;6;5;4;5;4;4;4;5;5;5;5;5;5;5;5;5;4;4;5;4;4;5;4;5;5;3;4;4;2;4;5;2;2;5;2;6;5;2;;7;5;;51;
DN2yhqvUMXnhX3MLB1j8jH3BK-MtCJ6z5zW17cBozJaYYGH1u5qYLyrTq6LArVHP;28.01.2019 08:56;28.01.2019 15:59;28.01.2019 15:59;;1;2;2;2;2;2;1;2;1;1;1;5;5;2;4;2;4;2;5;6;6;3;1;4;5;3;3;5;5;2;6;2;4;6;4;5;4;5;5;4;4;2;2;4;2;6;5;1;5;2;4;3;2;4;4;5;4;5;2;4;6;5;2;2;3;2;6;4;2;;5;5;;51;
xvCLhUX7vWHfOy1lelUiJrSOVDFH3LsayYOJZKwJuycz9Z0fyL3tnJNnDgu6RBNh;28.01.2019 08:58;;;;;;;;;;;;;;;;;;;;;;;;;;;;;;;;;;;;;;;;;;;;;;;;;;;;;;;;;;;;;;;;;;;;;;;;;;;;;;
cW3I_J9jvJ6bX031wR2ZwtbrOLTha96asb1AJaT7WQZXTZiVs1PfEVjYGLHD8GHA;28.01.2019 08:58;28.01.2019 09:10;28.01.2019 09:10;;1;4;2;2;4;2;2;4;3;2;2;3;3;4;3;4;4;3;5;5;6;5;3;5;6;4;5;5;5;5;6;5;6;5;5;5;5;5;5;4;4;6;6;6;6;6;6;6;6;5;6;6;4;5;5;4;6;5;4;5;6;6;6;2;6;2;4;5;2;;5;5;;51;
UCMuEvZUyuT0Tr23drM8PRuQB1DOELnVR0BksZgBhEcpGaRWcuDYstftaYGCGYWL;28.01.2019 08:59;28.01.2019 09:16;28.01.2019 09:16;;1;;3;3;3;2;3;4;4;3;4;3;4;4;3;5;5;4;3;4;5;5;2;;;3;4;;;5;5;3;4;4;4;5;;5;5;5;3;4;4;5;4;3;5;4;4;;4;4;4;5;6;3;3;2;4;3;4;5;4;4;4;3;5;5;2;;6;5;;51;
fJOzWOnoSY89byVJg_SzvvxVRlf-X-b2Q5x-nAMTIVT04Qi9pJF5Itnqjt7z0ECt;28.01.2019 10:24;28.01.2019 12:08;28.01.2019 12:08;;1;3;4;4;4;2;3;2;5;4;3;2;5;5;4;4;4;3;5;5;5;5;6;5;5;2;4;5;4;5;5;5;5;5;4;4;4;6;4;3;5;6;4;4;4;4;4;4;3;6;4;3;3;3;4;4;4;5;4;5;6;5;4;2;6;5;6;4;2;;9;5;;51;
mg72_iy69iz6IuWj4LR_kYCDScuymyxSRdpraCsIAw1jQBOU9g5xB8WC47jB1jTJ;28.01.2019 10:45;;;;;;;;;;;;;;;;;;;;;;;;;;;;;;;;;;;;;;;;;;;;;;;;;;;;;;;;;;;;;;;;;;;;;;;;;;;;;;
1ai__nFjaZBLEXaKlbjLEJpRIx3eIK2AkOXQErW_aSsPrhwT1jmRbOrpgrLdk8MI;28.01.2019 10:45;28.01.2019 11:00;28.01.2019 11:00;;1;3;2;5;5;2;1;1;2;1;1;2;1;5;4;2;5;2;6;2;6;6;2;4;4;3;5;5;4;5;6;6;4;5;4;5;2;6;6;5;4;6;6;6;4;2;3;5;5;6;6;5;6;6;4;6;3;2;1;3;5;6;1;1;6;4;6;5;2;;6;5;;50, 51;
1ai__nFjaZBLEXaKlbjLEJpRIx3eIK2AkOXQErW_aSsPrhwT1jmRbOrpgrLdk8MI;28.01.2019 11:00;;;;;;;;;;;;;;;;;;;;;;;;;;;;;;;;;;;;;;;;;;;;;;;;;;;;;;;;;;;;;;;;;;;;;;;;;;;;;;
tCmcRsjmhgq8WC4btD0twgh3RHoYQ2-S1fXa5Fq_nuxlHGEutrxaeQl9A2Ml-Xoh;28.01.2019 11:03;;;;;;;;;;;;;;;;;;;;;;;;;;;;;;;;;;;;;;;;;;;;;;;;;;;;;;;;;;;;;;;;;;;;;;;;;;;;;;
ZFO0-nTXZwhK6H6VHj-sb7LdncEpvRAt-OzXVsyx6YF0gjBBFFgzyEgI5fSaAKB5;28.01.2019 11:25;28.01.2019 11:46;28.01.2019 11:46;;1;5;4;3;4;1;2;2;2;1;1;2;5;4;4;5;4;1;2;2;4;6;3;3;6;3;3;6;4;1;5;1;4;5;5;4;5;5;5;4;5;3;2;2;4;3;5;4;5;1;5;5;5;5;4;3;5;4;4;4;6;5;5;4;5;4;6;6;2;;6;5;;51;
gN12tItiYoThna1a8y_1SJAzadKaIhD2_BJ4DUOKZBH6-gtv0a3wF9nvXAFdpXPi;28.01.2019 11:28;28.01.2019 11:42;28.01.2019 11:42;;1;2;4;1;2;1;1;1;4;1;4;3;5;4;2;2;4;1;2;6;6;5;1;3;6;4;4;5;5;5;4;4;5;5;5;5;6;6;3;4;3;6;2;5;5;3;5;3;6;6;5;4;4;5;5;5;5;4;4;3;5;5;2;3;4;6;6;4;2;;5;5;;51;
0foqkcwrfILDyhS40L-W4gfgjTqEFssx1aF7iliVUsbL2zxMoLU__V58SF4c4rnt;28.01.2019 11:41;28.01.2019 12:00;28.01.2019 12:00;;1;5;5;4;5;1;5;3;3;1;1;2;3;3;2;3;4;3;2;5;6;4;1;5;4;4;5;5;5;6;6;4;6;5;5;4;6;5;5;4;6;5;3;6;6;5;6;6;5;6;5;5;5;4;4;2;6;4;5;2;5;6;1;1;6;1;6;6;2;;5;5;;51;
KUs3su1hJZ_GTA2cPz-5l_gyq-4EKh8QC-YiY1iX59nOIzYOBSNPBJmdlopX5CI-;28.01.2019 11:51;28.01.2019 12:06;28.01.2019 12:06;;1;3;3;4;3;2;2;3;4;4;1;2;4;5;5;4;3;4;3;4;4;4;2;3;5;5;5;5;3;4;4;3;5;6;5;5;6;6;6;5;6;3;3;5;3;4;3;5;5;4;5;6;3;5;6;4;5;5;;5;6;4;4;2;3;2;5;6;2;;5;5;;51;
2cJorl7k7eJnayIcU0761rhkpEObrA53rvDjg7tGod69q6Omnay-PwWXbL-o9kWf;28.01.2019 12:05;28.01.2019 12:16;28.01.2019 12:16;;1;4;3;3;3;2;1;2;2;2;2;2;5;3;5;4;3;3;2;3;4;4;3;5;3;4;4;4;3;5;4;1;4;5;5;6;6;6;3;6;6;6;5;6;6;6;6;6;6;6;2;6;3;6;2;2;6;3;6;2;5;5;1;1;6;3;5;4;2;;7;5;;51;
KUs3su1hJZ_GTA2cPz-5l_gyq-4EKh8QC-YiY1iX59nOIzYOBSNPBJmdlopX5CI-;28.01.2019 12:07;;;;;;;;;;;;;;;;;;;;;;;;;;;;;;;;;;;;;;;;;;;;;;;;;;;;;;;;;;;;;;;;;;;;;;;;;;;;;;
EBiP8xv4OUFevg_vXu-wlJ3QiGo3KlC3OcW5Nv4ZKKw6OpGCH38IMZ8i5EoHJFp5;28.01.2019 13:00;28.01.2019 13:15;28.01.2019 13:15;;1;5;2;3;3;1;1;1;1;1;1;1;2;2;2;2;2;1;4;2;4;3;2;1;5;3;3;2;3;4;6;1;5;6;6;5;5;6;5;6;3;5;6;6;6;6;4;2;6;6;6;5;6;6;5;6;2;3;6;3;6;6;2;2;6;3;6;5;2;;5;5;;50, 51;
PZqOy0mWsw6GTiHxmvW-mEQvGNjak87TQoWc8QZV3cKFtv-d4GWOl9lNwU0fuerG;28.01.2019 13:17;28.01.2019 13:36;28.01.2019 13:36;;1;4;2;3;4;1;5;1;1;1;1;1;2;5;2;2;2;1;5;5;2;3;3;2;5;2;2;6;2;4;4;3;2;6;4;5;5;3;3;5;3;3;5;5;2;1;5;1;4;2;6;4;4;4;4;4;6;1;6;1;4;6;5;2;5;1;4;4;2;;5;5;;51;
zlgvmULpHwDMnmHgk3TG-7XQpAwH2RnFLARCnOczF4C9O20fKPny6uaUEMkbbjBK;28.01.2019 13:18;28.01.2019 13:34;28.01.2019 13:34;;1;5;2;2;4;1;1;1;1;1;1;1;1;4;3;4;4;1;5;5;6;4;1;5;6;6;5;5;3;4;3;2;5;6;3;5;5;6;5;4;5;6;4;5;4;2;6;5;3;1;3;4;4;4;4;2;6;4;4;1;6;6;1;2;6;5;4;6;2;;5;5;;51;
q5m-huyCA1nyiBbjZeQ6yaLsi_ijqQUYEJ0mXJlpc0oysGW-FJ4Zoa7ysMWjPeWx;28.01.2019 13:51;28.01.2019 15:46;28.01.2019 15:46;;1;2;1;2;2;1;2;2;2;2;3;3;4;3;4;4;4;2;4;2;5;;2;3;4;4;3;5;3;3;4;3;5;5;4;5;5;6;4;4;3;4;2;5;5;2;3;3;2;4;3;;3;4;5;4;5;4;5;2;4;5;2;3;4;4;6;4;2;;7;5;;51;
11Lc6BI8jcjYWrhB3m4FJ_cIiFHFBdFUJivqriQkBkE_aW5DTYx7hBGVlEM1U9G6;28.01.2019 15:39;;;;;;;;;;;;;;;;;;;;;;;;;;;;;;;;;;;;;;;;;;;;;;;;;;;;;;;;;;;;;;;;;;;;;;;;;;;;;;
q5m-huyCA1nyiBbjZeQ6yaLsi_ijqQUYEJ0mXJlpc0oysGW-FJ4Zoa7ysMWjPeWx;28.01.2019 15:46;;;;;;;;;;;;;;;;;;;;;;;;;;;;;;;;;;;;;;;;;;;;;;;;;;;;;;;;;;;;;;;;;;;;;;;;;;;;;;
DN2yhqvUMXnhX3MLB1j8jH3BK-MtCJ6z5zW17cBozJaYYGH1u5qYLyrTq6LArVHP;28.01.2019 15:59;;;;;;;;;;;;;;;;;;;;;;;;;;;;;;;;;;;;;;;;;;;;;;;;;;;;;;;;;;;;;;;;;;;;;;;;;;;;;;
PC1iYwH4QLBheNVyF2FavYB024_CUUWHZWGjyPIksa_Z7j0b9SUEf4QS3514CWOu;28.01.2019 19:45;28.01.2019 19:52;28.01.2019 19:52;;1;4;2;3;4;1;4;4;4;2;2;2;4;3;4;4;4;4;1;5;6;5;4;5;5;5;4;4;4;3;5;4;4;6;4;5;4;5;5;4;3;5;4;5;4;6;6;5;5;6;4;5;6;4;3;3;6;3;5;4;5;4;4;3;4;4;4;4;2;;5;5;;51;
oOBRfy8EP0M28imijXTwkdZDsG7T2eet7NitbDOzziCtsWvy_ZILseP1w6ko5Lll;28.01.2019 19:45;;;;;;;;;;;;;;;;;;;;;;;;;;;;;;;;;;;;;;;;;;;;;;;;;;;;;;;;;;;;;;;;;;;;;;;;;;;;;;
8Hl63_lEimwTy1q3rn-L0KWu5wSDgyfJs3c2FBgdnSu-96wG83dXQRe80pQyU-5O;28.01.2019 21:00;28.01.2019 21:31;28.01.2019 21:31;;1;4;3;5;5;2;2;5;2;2;3;2;5;4;2;3;5;2;4;5;4;5;2;5;4;4;1;4;3;4;4;4;5;5;5;5;5;5;5;5;5;2;3;3;2;4;5;6;2;6;4;4;5;4;4;5;5;2;4;3;5;4;3;1;6;2;2;4;2;;5;5;;51;
ETjeCAMNWoYw4-edxqQXCk68PSxj9H9lPSqaBM0gqFFu4JSCl1uYoqWyGLPy0owC;29.01.2019 15:30;29.01.2019 15:50;29.01.2019 15:50;;1;2;4;2;3;2;2;2;1;4;2;1;2;2;3;2;4;2;3;1;5;1;3;2;4;3;2;3;5;3;4;2;3;5;5;2;4;6;1;4;3;2;2;3;5;4;5;2;4;4;4;5;4;5;4;2;1;1;5;1;4;4;1;1;6;3;4;4;2;;5;5;;51;
A8zyiC2AN0a9dZ4KAalu-um2z40l6FlJ9yz2zVdzUfhumzz7GSAUGFNKA-cZoPFV;29.01.2019 17:27;29.01.2019 17:45;29.01.2019 17:45;;1;2;2;2;3;1;1;1;1;1;1;2;5;5;5;4;4;1;2;2;5;5;1;4;5;4;3;4;4;5;6;4;2;4;4;5;3;5;4;4;5;5;5;6;6;3;1;2;5;4;4;4;4;3;6;4;4;2;5;3;5;6;2;1;6;2;6;5;2;;5;5;;51;
xeQDWBBUnYImz-OBRm7LTX-q4pxKDZixIJFbIl1vQgePWx1tgysKhJzUkJvjbNMx;30.01.2019 21:52;30.01.2019 22:10;30.01.2019 22:10;;1;3;1;1;1;1;1;1;1;1;1;1;1;3;1;1;3;3;4;1;;2;;2;1;1;1;6;1;1;1;1;6;6;1;4;4;6;6;6;1;1;3;1;3;2;3;1;4;2;1;4;;1;1;3;5;3;1;4;1;3;3;3;6;6;1;1;2;;8;5;;51;
EpHTWm-g6u9ML0-YIdxm3hju0mT54m5UM86KNx40g7FpTVmH8W5rKwvJu8Je1e1g;04.02.2019 14:35;;;;;;;;;;;;;;;;;;;;;;;;;;;;;;;;;;;;;;;;;;;;;;;;;;;;;;;;;;;;;;;;;;;;;;;;;;;;;;
xkjWKZ-su0zPl2KCPI_5DMeJB7giVP0bddx_ULmobPlcvpzhjaCXOMzsd77EGd5K;04.02.2019 14:35;04.02.2019 14:47;04.02.2019 14:47;;1;2;3;4;3;2;3;3;5;2;3;2;5;4;4;5;3;3;3;5;5;5;3;4;4;4;2;4;3;5;5;3;4;3;3;5;4;5;3;3;3;3;3;3;2;4;5;2;4;3;4;3;3;4;;3;5;3;4;4;4;5;4;3;5;3;4;4;2;;5;5;;51;
enZs1mlNoQpXHl2aTjQ2egbQQU2UiZA2t0im0Ou7oo4THxp9_PdDskv0CbYCW2HB;05.02.2019 11:15;05.02.2019 11:37;05.02.2019 11:37;;1;2;2;2;2;1;1;3;1;2;2;3;4;4;3;2;2;1;2;4;5;5;2;3;6;4;3;4;6;5;5;4;4;5;4;3;5;3;4;5;4;3;3;5;5;4;4;6;6;5;3;4;2;4;3;2;4;4;3;4;4;6;3;3;6;3;4;5;2;;7;5;;51;
enZs1mlNoQpXHl2aTjQ2egbQQU2UiZA2t0im0Ou7oo4THxp9_PdDskv0CbYCW2HB;05.02.2019 11:38;;;;;;;;;;;;;;;;;;;;;;;;;;;;;;;;;;;;;;;;;;;;;;;;;;;;;;;;;;;;;;;;;;;;;;;;;;;;;;
R8gNg1vmO2u1jNXTu1YTBnXs0AamTinokD9vO5WF-yxucQrH-p-hjhvjzZjR2FGW;11.02.2019 00:05;11.02.2019 00:14;11.02.2019 00:14;;1;5;1;3;2;1;1;1;2;1;1;1;4;2;2;4;2;5;1;4;5;5;1;4;3;2;3;5;3;2;5;2;5;5;5;5;6;6;5;6;5;6;3;3;1;3;5;5;5;5;2;3;4;4;4;5;5;5;5;3;5;6;4;1;5;2;6;5;2;;8;5;;50, 51;
R8gNg1vmO2u1jNXTu1YTBnXs0AamTinokD9vO5WF-yxucQrH-p-hjhvjzZjR2FGW;11.02.2019 00:15;;;;;;;;;;;;;;;;;;;;;;;;;;;;;;;;;;;;;;;;;;;;;;;;;;;;;;;;;;;;;;;;;;;;;;;;;;;;;;
zPBH1DyoJxTQFZz594PnWehH9OLAzSoCOurEflVMW9ie0KxrBOchA1pU236JXfoM;13.02.2019 15:21;13.02.2019 15:55;13.02.2019 15:55;;1;3;5;4;5;2;1;3;2;2;2;3;3;2;5;5;4;3;6;5;5;5;2;5;6;5;3;5;4;5;6;2;5;6;4;4;4;5;6;5;2;5;5;5;3;4;6;6;5;6;5;3;2;3;5;6;2;5;5;3;5;5;2;2;4;2;5;6;2;;5;5;;51;
wlHJCPPuNOIj_BaHjjESXYdCSYTPpYomnT60-K1x9iboz3_R_VlwEXME54CM7qI8;08.03.2019 09:19;10.03.2019 09:09;;;;;;;;;;;;;;;;;;;;;;;;;;;;;;;;;;;;;;;;;;;;;;;;;;;;;;;;;;;;;;;;;;;;;;;;;;;;;
ACRc5EQlT8kbnG6fpPQ96cQ646y9_FipY8ggwy8-vyrcWBtsJovUoYHNKSpDKI8y;08.03.2019 10:44;;;;;;;;;;;;;;;;;;;;;;;;;;;;;;;;;;;;;;;;;;;;;;;;;;;;;;;;;;;;;;;;;;;;;;;;;;;;;;
gni8wkz_zo_C7Rp4tmpDHgsTPHkHTHVli-znDq-q9HzQabjT4eGVsi_CVqTF-47v;10.03.2019 09:34;10.03.2019 10:25;10.03.2019 10:25;;1;2;3;3;2;1;1;2;1;2;1;2;5;4;5;4;5;2;4;3;4;4;2;4;4;4;4;4;4;3;6;3;5;5;6;4;5;3;2;4;4;5;3;5;4;3;5;6;5;5;4;5;5;5;5;5;6;4;6;1;4;5;2;1;6;1;5;5;1;;8;1;;12, 44;
X6pD6VYPK0vY36nkSGtY6OdgNAzZQqloZVhy2QuTanVwotY67138zDSDom6ArI24;10.03.2019 09:43;10.03.2019 10:13;10.03.2019 10:13;;1;2;2;4;3;1;1;4;2;2;1;2;3;4;4;2;5;2;4;3;3;5;4;5;4;2;2;4;4;2;3;4;5;3;4;2;4;3;5;4;2;3;3;5;3;6;3;3;6;4;4;3;4;4;5;3;4;4;6;3;4;3;4;1;5;2;4;3;1;;6;1;;31, 46;
7h9JnyiT2y1eV-aVaIqSQAwxrMzrji64u86n4dJ-803UbkY5oFr1JYshiUVwTpdi;10.03.2019 09:46;10.03.2019 10:03;10.03.2019 10:03;;1;4;2;2;3;1;4;5;1;1;1;1;6;4;4;2;4;1;2;1;5;4;1;5;5;2;6;3;5;5;6;3;5;5;5;4;4;5;6;5;5;2;2;4;5;6;4;3;6;5;5;5;5;5;6;4;6;1;5;5;5;5;6;5;6;4;6;5;1;;8;1;;4, 11, 12, 46;
osWq4aA0b1LQGVuIE1NFBYihIXmoJ8ZA6f9b_2JPe4icujEaEGX7uPXvmpc6dHH6;10.03.2019 10:02;10.03.2019 10:02;;;1;;;;;;;;;;;;;;;;;;;;;;;;;;;;;;;;;;;;;;;;;;;;;;;;;;;;;;;;;;;;;;;;;;;;;;;;;;
FBfRV-DgpB4gn-vPXjM3tmSVVGr_h_fg71Gkd7YCtYaX4bevtSOJeR7-UfQsG7TT;10.03.2019 10:13;10.03.2019 10:23;10.03.2019 10:23;;1;4;2;2;2;1;1;3;2;2;2;2;2;3;2;4;3;1;3;4;5;3;1;4;5;4;3;3;4;4;5;2;5;4;4;5;5;4;4;4;3;5;5;5;5;5;4;5;5;4;4;3;4;5;5;5;4;3;4;5;3;5;2;4;5;4;3;4;1;;8;1;;4, 12, 39;
Eycp8jJaWJwCvZKe2KE-oAZCZhaEEaFNvIEEe9t2FHKw-IJ1QGjVVyJ1lUrq-60I;10.03.2019 10:16;10.03.2019 10:26;;;1;;3;;3;2;1;2;2;;1;;;2;4;2;3;2;2;;4;4;2;4;;;3;;4;5;5;3;4;4;;5;5;3;3;4;;5;5;5;5;4;4;;;2;5;5;4;5;;;5;4;5;2;5;6;4;;;5;4;5;;;;;;;
vQepOMec5EaONbzh3Ns3Xv5CBLDX9gXuSg8mXuVbRL_tP2-Lr4T5kCxiXHN9Zgig;10.03.2019 10:36;10.03.2019 10:54;10.03.2019 10:54;;1;4;2;2;3;1;1;1;1;4;2;2;1;2;2;2;1;1;2;5;6;3;2;3;6;2;2;3;3;3;6;6;6;5;5;6;4;4;3;5;2;6;3;6;5;4;4;5;5;3;6;4;6;6;4;4;5;5;5;4;5;6;3;1;6;1;6;5;1;;4;7;;4, 20;
e7_Vn6q0CPl6cBDCR_XHFJQ0g-oVCvnj4GG0ibywy5SgGHxjB679vfsMEesMlkxJ;10.03.2019 10:36;10.03.2019 10:36;;;1;;;;;;;;;;;;;;;;;;;;;;;;;;;;;;;;;;;;;;;;;;;;;;;;;;;;;;;;;;;;;;;;;;;;;;;;;;
vQepOMec5EaONbzh3Ns3Xv5CBLDX9gXuSg8mXuVbRL_tP2-Lr4T5kCxiXHN9Zgig;10.03.2019 10:54;;;;;;;;;;;;;;;;;;;;;;;;;;;;;;;;;;;;;;;;;;;;;;;;;;;;;;;;;;;;;;;;;;;;;;;;;;;;;;
JewucAPe5okGaBhb1Ld7uGSXgGq7Ub-vgIeDam8tLEJfQl4pBJO2gyJfcSa__TDw;10.03.2019 11:33;10.03.2019 11:54;10.03.2019 11:54;;1;3;3;3;3;2;2;3;3;2;2;1;5;3;3;3;4;3;4;4;4;4;2;3;2;3;3;4;3;4;4;2;5;5;5;4;5;5;4;5;5;3;2;3;3;2;5;5;5;4;4;3;;3;2;3;5;4;3;4;4;4;4;3;4;3;3;3;1;;8;1;;11, 12, 46;
PhSO0OXGv1fUb1VrjEqTobOl_obRyXs3PHfqraV16P1NR9CxbBnEEnmbaJ-X-EUO;10.03.2019 12:34;10.03.2019 12:48;10.03.2019 12:48;;1;2;2;3;3;2;2;4;3;1;2;3;2;3;3;4;4;3;4;4;5;4;2;4;3;4;4;5;3;3;5;3;5;5;5;5;4;6;5;5;4;4;3;4;3;3;5;4;4;4;5;4;4;4;3;4;5;3;4;3;5;5;3;4;4;2;4;5;1;;8;1;;12, 39;
iWOrb-0FducxQkbrP5OUP14ddi953kajOQHIWPgFuiEkmUn0Dj5FDQnSbH5Z0Q_I;10.03.2019 13:13;10.03.2019 13:13;;;1;;;;;;;;;;;;;;;;;;;;;;;;;;;;;;;;;;;;;;;;;;;;;;;;;;;;;;;;;;;;;;;;;;;;;;;;;;
GLfRovIZDLV5ZYxyTytVz5M9VHUqD24PaMDUqFH13sLW5AzuQ51t_9hYqKeMmC0Q;10.03.2019 13:31;10.03.2019 13:42;10.03.2019 13:42;;1;3;3;4;4;1;1;4;1;1;1;1;2;1;5;4;4;2;3;4;5;4;1;4;4;2;4;3;4;4;5;4;3;5;4;4;4;4;3;4;4;5;5;5;5;3;5;5;6;4;5;4;4;4;4;3;4;3;4;4;5;6;3;3;6;4;5;5;1;;8;1;;15, 31;
UODRp6DQHr284vjjUIy48XeBvAy-ZA8Wg5P567n5dKWIXaBC-DpT2SrVWNbk_NXa;10.03.2019 14:03;10.03.2019 22:19;;;;;;;;;;;;;;;;;;;;;;;;;;;;;;;;;;;;;;;;;;;;;;;;;;;;;;;;;;;;;;;;;;;;;;;;;;;;;
WnHojwcA8IUUv6jHQXFwFjtwj0vgDe5oDgJyrYO-1uPbSiRmIaFvnrV261Y5zgZp;10.03.2019 14:07;10.03.2019 14:24;10.03.2019 14:24;;1;3;2;2;3;1;1;1;1;1;1;2;3;3;3;5;2;1;3;3;6;5;1;5;4;5;5;4;6;5;6;5;4;4;4;4;5;2;4;4;2;6;4;5;5;6;6;6;6;6;4;5;4;4;6;4;4;1;5;2;5;6;1;2;6;2;6;6;1;;6;7;;4, 12, 31;
BeLm_fiq-Z-o47viYHJcivkyND88k1cpkW49PQiWPOMqqF3U-btZAh5BwujjLeHN;10.03.2019 15:47;10.03.2019 15:48;;;1;;;;;;;;;;;;;;;;;;;;;;;;;;;;;;;;;;;;;;;;;;;;;;;;;;;;;;;;;;;;;;;;;;;;;;;;;;
aEsQm5Lclq3aEh3fd0SdZZNsgNy-veHCj_vSnXuISqElAy0IczxZuQ5COvwmajCx;10.03.2019 16:56;;;;;;;;;;;;;;;;;;;;;;;;;;;;;;;;;;;;;;;;;;;;;;;;;;;;;;;;;;;;;;;;;;;;;;;;;;;;;;
pPqBiaRn1q_9qiys9QrivSPJgaGjg0AyBBiA11oG9-uNyZz1fOFAV53CNy0mH9rF;10.03.2019 17:06;10.03.2019 17:20;10.03.2019 17:20;;1;1;1;3;1;1;1;1;1;1;1;1;1;1;1;1;3;1;1;6;1;3;1;1;6;3;1;3;1;6;1;3;6;5;6;6;6;6;3;6;6;2;4;6;5;1;1;5;1;1;3;4;1;1;4;6;1;1;3;3;6;3;3;6;6;6;1;1;1;;12;1;;39;
Zu6SAqd7QWgw9MzsJ3F-0sHiS_OX0FPovtke2tCmfqB0tCqRRgHWmVGAid6tcWEq;10.03.2019 17:33;10.03.2019 17:45;10.03.2019 17:45;;1;3;2;2;2;1;2;4;1;3;3;2;3;2;3;2;4;3;3;6;3;2;5;4;3;5;5;4;4;2;5;5;3;4;5;3;5;5;5;3;3;5;3;3;4;5;4;4;6;6;5;2;2;5;1;5;5;3;3;6;4;3;5;4;4;6;4;4;1;;2;1;;12, 15;
u4WHLVXOBOGU-pei3XR0rNRCsswUJqr_VNGAYJGCt7S7papnaSyjwSsd3Km8spmJ;10.03.2019 17:37;10.03.2019 17:37;;;1;;;;;;;;;;;;;;;;;;;;;;;;;;;;;;;;;;;;;;;;;;;;;;;;;;;;;;;;;;;;;;;;;;;;;;;;;;
Y1QHQT7GfJYXJuC8e47Ais7W6cEfHHWU-hDRVSHYKSyW9_kIPuDbAJ3LJVZ7NicL;10.03.2019 18:41;10.03.2019 18:52;10.03.2019 18:52;;1;4;4;3;4;1;5;4;2;1;1;1;5;4;4;2;4;4;3;5;5;3;1;2;4;3;1;3;3;3;4;3;4;5;4;3;4;5;5;4;1;4;3;4;1;6;5;4;5;4;4;2;3;5;3;3;4;6;4;5;3;4;5;3;6;3;3;4;1;;10;1;;12, 31;
EBMq2WL5fps-HLid_ouYKJ5Vpy4EX8BNhfkhlSOpBPYXoCcCET1rWwBvFKIdkMEf;10.03.2019 19:32;13.03.2019 23:12;;;1;;;;;;;;;;;;;;;;;;;;;;;;;;;;;;;;;;;;;;;;;;;;;;;;;;;;;;;;;;;;;;;;;;;;;;;;;;
XBGtbFMHbz29KJgj9zyNsuso63uPxSam7boGs9oE70pWYEyfXLX87r5T2nlD8_QS;10.03.2019 21:23;10.03.2019 21:25;;;1;;;;;;;;;;;;;;;;;;;;;;;;;;;;;;;;;;;;;;;;;;;;;;;;;;;;;;;;;;;;;;;;;;;;;;;;;;
Hw34-A4Hw-0IvtuNfg2zhQDFt704m63hquQcCjvreqEEbBbNraMc2mNHCFGdKWES;11.03.2019 08:54;11.03.2019 09:00;;;1;;;;3;;5;;2;;1;;1;;;;;;;2;6;;5;;;;;4;;;5;;2;6;;;6;4;2;3;2;;6;;6;;;;5;;6;;1;5;5;;4;2;6;2;;;;1;6;2;6;6;;;;;;;
qCEeGhkk-fOeLfBJZ_Ylo7EPEJc6s4cdzYqGfCfhQ0bUfP8LYx6lfyOPACHx_Nrw;11.03.2019 11:59;;;;;;;;;;;;;;;;;;;;;;;;;;;;;;;;;;;;;;;;;;;;;;;;;;;;;;;;;;;;;;;;;;;;;;;;;;;;;;
ri_GTOG4Ll7vtHk4xipXNH138edCwYHNREDv67bgwZ8ZKd9pV--Wdg-s2krf0B5p;11.03.2019 14:38;11.03.2019 15:01;11.03.2019 15:01;;1;4;3;4;4;2;2;4;2;2;3;3;5;4;4;5;4;2;4;4;5;4;3;3;3;5;4;2;4;5;4;3;4;5;4;4;4;5;4;4;3;5;5;5;5;5;3;3;5;3;5;5;5;5;3;4;4;4;4;4;4;6;4;3;6;3;5;4;1;;10;1;;27;
JWiNyMQguiGBkBpB12V8o8-qGAso-dPaODG3zzq8oqvQrd64ha47LEeoJ4joaMCB;11.03.2019 17:19;;;;;;;;;;;;;;;;;;;;;;;;;;;;;;;;;;;;;;;;;;;;;;;;;;;;;;;;;;;;;;;;;;;;;;;;;;;;;;
EFtTdIHAR-X14AENanz2jK2263PU844VSN5Mv7bM8gj2yTW1D178L0WIYV8utSlc;11.03.2019 19:45;11.03.2019 19:45;;;1;;;;;;;;;;;;;;;;;;;;;;;;;;;;;;;;;;;;;;;;;;;;;;;;;;;;;;;;;;;;;;;;;;;;;;;;;;
Xp4bpHKPbQSGCh1gTx-yjYBhvHTPieVaSgqwKcpHvZXDyxAPJu6oil_7xczjUlRi;11.03.2019 22:06;11.03.2019 22:13;;;1;3;4;;;;1;;2;;;;3;;2;2;;;4;;;;;3;4;;4;;;2;5;4;;5;;4;;4;5;;2;3;;3;2;;4;6;;3;;;;;3;5;;2;5;2;4;;;;;5;3;;;;;;;;
UVGec9Wczt1BZN_Ivijf-ZkBS599ccwSKzxtO8ObGkuwEYqoKwub7m1-I41TIzht;12.03.2019 09:47;13.03.2019 10:44;13.03.2019 10:44;;1;5;1;2;2;1;1;1;2;1;1;1;2;2;5;5;2;1;5;5;5;5;1;2;5;5;5;5;5;5;6;5;5;4;4;5;3;5;4;5;3;2;1;6;5;4;4;5;5;6;5;3;5;5;6;3;5;4;5;1;4;6;2;1;6;3;6;5;1;;6;7;;4, 12, 40;
X1VCcZ0bW1lwCksiX03cNFT_WfhDgYFrhut2nzAkwBhXE_5WHGQdfDPvhbkozOZ5;12.03.2019 11:59;12.03.2019 12:34;;;1;;2;;2;1;;;1;1;;1;2;3;;;;1;5;;;;;;;;;4;;;4;;;2;4;4;;4;5;4;3;4;4;;4;;4;4;;4;;5;;;;4;;;4;4;;;3;3;6;3;;;;;;;;;
zrwW1UOFPRcwviLNkxXdmQNsiYIkS4a_x2DxBp3lx4xvbmnVWvYeYiiJPSgngQta;12.03.2019 14:16;;;;;;;;;;;;;;;;;;;;;;;;;;;;;;;;;;;;;;;;;;;;;;;;;;;;;;;;;;;;;;;;;;;;;;;;;;;;;;
07WsNzkU89wGHFsD2MuNcuAloDP6iRoqVz5HehjIhwq7-J3p43ERVX4kr8mmfM7z;13.03.2019 13:50;13.03.2019 14:07;13.03.2019 14:07;;1;2;2;2;3;1;5;1;2;1;1;2;2;4;6;5;4;3;5;2;4;5;4;5;6;4;2;5;2;5;5;4;4;4;5;4;5;6;6;4;2;6;5;6;2;2;5;6;4;5;5;6;3;5;2;3;4;5;3;2;4;6;5;1;4;4;4;4;1;;7;1;;12;
AtJqf0fVvZjngM7fiiDOTKy15SDD67_fRIRwb6iCyOUF2pKVco6xFLIrcEJAEyIH;13.03.2019 14:44;13.03.2019 15:04;13.03.2019 15:04;;1;2;4;4;4;1;1;4;1;1;1;2;4;4;5;3;5;2;6;5;5;4;2;5;4;5;5;4;3;5;6;2;3;3;6;3;4;5;5;5;3;5;4;6;4;4;4;4;5;5;5;5;4;4;5;3;4;4;4;2;5;5;2;2;5;2;6;5;1;;8;1;;10, 11, 12, 15;
hzWuFCsNC7t2jrtqHmanFm8Z89PCvPaT-XHjzCq3_j03d-_eGbhQW1IgH6TqtrXq;14.03.2019 15:50;14.03.2019 16:30;14.03.2019 16:30;;1;2;2;5;5;1;2;3;2;1;1;1;2;2;4;4;4;4;5;5;5;4;5;3;4;3;4;4;4;5;5;2;4;4;6;5;5;5;4;6;4;3;4;5;5;5;2;2;4;5;5;5;6;3;4;4;4;4;4;5;4;5;3;4;6;;5;3;2;;8;5;;4, 23, 42, 48, 49, 50, 51;
nEvGNEoFr5iG1BVhPMCmxWi5QIrG0Lzwe8-nsnz0kyyB8tryUzoyX4Wczxk5TQOA;16.03.2019 08:49;16.03.2019 08:49;;;;;;;;;;;;;;;;;;;;;;;;;;;;;;;;;;;;;;;;;;;;;;;;;;;;;;;;;;;;;;;;;;;;;;;;;;;;;
UMyqDyUw36Y5nBDuL7yw210uqacuWxs65WW-gRkr_SRvrygWUV64if_1hvJH7Cdp;17.03.2019 00:41;17.03.2019 01:05;17.03.2019 01:05;;1;2;4;4;4;1;1;3;1;1;1;1;6;6;5;1;5;2;3;5;4;5;1;4;4;4;3;4;6;5;6;5;5;5;5;2;4;5;2;5;3;3;3;2;5;1;3;6;6;5;2;4;5;5;5;4;2;3;5;3;5;6;4;2;5;1;4;6;1;;10;1;;1, 2, 3, 5, 6, 7, 8, 9, 10, 11, 13, 14, 15, 16, 17, 18, 19, 20, 21, 22, 23, 24, 25, 26, 27, 28, 30, 31, 32, 33, 34, 35, 36, 37, 38, 39, 40, 41, 42, 43, 44, 45, 46, 47, 48, 49, 50, 51, 52;
Mv3bdS5HqahLM18UbnSKn89p-EZFCREBlRqriBnf7vMstGzHs06dpHZVar7FaNTU;17.03.2019 17:39;17.03.2019 17:48;17.03.2019 17:48;;1;4;5;4;5;2;1;4;3;2;2;3;2;3;4;3;4;3;5;5;5;4;2;3;3;4;4;4;3;4;6;4;4;5;5;4;4;5;5;5;4;3;5;5;5;5;3;3;5;4;5;5;4;4;5;4;5;3;4;2;5;5;4;3;6;5;5;5;1;;2;1;;12, 35;
Rx7Huwd4CpmlMr1l-mo_1_YaOOXZK1v27tc8l61YlvIMmu0DqahUOsfAI6IBHG1N;17.03.2019 17:53;17.03.2019 18:03;17.03.2019 18:03;;1;4;2;2;5;1;1;3;3;2;1;1;3;3;4;4;4;1;2;6;6;5;2;5;4;5;3;5;4;5;6;5;5;4;5;1;4;4;3;4;4;2;2;5;3;6;6;6;5;6;4;5;3;4;3;2;6;1;4;2;5;4;2;3;6;3;5;3;1;;2;1;;45;
fqJ0MSRJFHmkFmA71sIC4mxNb3rQ7qvsV5IRZ1Gn_SPPd4L6aGtFoV-e8GPHTg8o;17.03.2019 17:57;;;;;;;;;;;;;;;;;;;;;;;;;;;;;;;;;;;;;;;;;;;;;;;;;;;;;;;;;;;;;;;;;;;;;;;;;;;;;;
Rx7Huwd4CpmlMr1l-mo_1_YaOOXZK1v27tc8l61YlvIMmu0DqahUOsfAI6IBHG1N;17.03.2019 18:03;;;;;;;;;;;;;;;;;;;;;;;;;;;;;;;;;;;;;;;;;;;;;;;;;;;;;;;;;;;;;;;;;;;;;;;;;;;;;;
87UxWekCugDuv5zmSs-PhbWcrjSQIgkjgO_cZUZRSHINeGq934CR6SDLD_hCGHoh;17.03.2019 18:33;17.03.2019 18:48;17.03.2019 18:48;;1;4;2;1;2;1;1;5;2;1;1;1;2;4;4;5;4;1;1;5;6;4;1;5;2;6;5;5;6;4;6;6;3;4;4;2;2;1;4;2;2;6;5;5;4;2;6;5;4;6;5;4;4;3;3;4;5;3;5;4;6;6;4;2;6;2;5;6;1;;2;7;;39, 40;
JxpaD790NrwJm_spr7n049hbnReR-jNmueluaprja0g-s5Yjsudzp9k7NV8Z63OL;17.03.2019 18:38;17.03.2019 18:42;17.03.2019 18:42;;1;4;2;4;3;5;3;2;2;5;4;3;4;4;3;4;4;4;5;3;4;4;4;;4;5;3;4;5;5;3;4;4;5;4;3;4;3;4;5;2;5;4;4;2;3;4;5;4;3;6;3;2;4;4;4;4;4;4;5;2;4;2;3;4;3;4;3;1;;2;5;;18, 31;
Dx-uqMpxOZ_ZRzXxwRtVZwwb_nKBNicNYUzATJHtD6_FgaBrHSO6BicSM_f8zgd3;17.03.2019 18:44;17.03.2019 18:45;;;1;;;;;;;;;;;;;;;;;;;;;;;;;;;;;;;;;;;;;;;;;;;;;;;;;;;;;;;;;;;;;;;;;;;;;;;;;;
mSa5phvb4jcWMpLwvtrUM1UWzXNqB_vMzfSSI-yEFzGdyAW36cpKVUvicGXP8ikh;17.03.2019 19:10;17.03.2019 19:14;17.03.2019 19:14;;1;4;5;5;4;4;5;5;6;2;3;4;5;4;5;5;5;5;5;5;4;5;5;5;4;4;5;4;5;4;5;5;5;3;4;4;4;3;5;4;4;5;4;4;4;4;5;3;5;3;2;4;4;5;6;5;4;4;5;5;5;4;5;5;4;5;2;5;1;;2;1;;12;
WIU04YoHnpRIUJy9bTFJeddhOBGIa_f6e7qHMwmWOcVD8z1TW5t475igsGcq1D1H;17.03.2019 19:12;17.03.2019 19:13;;;1;;;;;;;;;;;;;;;;;;;;;;;;;;;;;;;;;;;;;;;;;;;;;;;;;;;;;;;;;;;;;;;;;;;;;;;;;;
mSa5phvb4jcWMpLwvtrUM1UWzXNqB_vMzfSSI-yEFzGdyAW36cpKVUvicGXP8ikh;17.03.2019 19:14;;;;;;;;;;;;;;;;;;;;;;;;;;;;;;;;;;;;;;;;;;;;;;;;;;;;;;;;;;;;;;;;;;;;;;;;;;;;;;
4Qu_DuvgxNF7zXN8ZYGl_TJSjOXl3P3s_XIvVPQik2RBb9VBD28jY7SAAt3zhfNG;17.03.2019 20:20;17.03.2019 20:43;17.03.2019 20:43;;1;4;4;2;4;1;1;6;1;1;1;1;5;5;3;3;4;2;3;6;5;5;2;5;6;5;4;2;6;6;6;5;6;5;6;4;5;6;6;3;4;6;6;6;5;6;4;6;6;6;5;6;1;5;5;6;5;2;5;;4;6;3;2;6;2;6;5;1;;2;7;;31, 43;
2ItTRb9g5MfhE69t2cmE1yMyZDinXMWrus4t436mZCKKM8teklXMmIdFBR79YIsy;17.03.2019 21:31;17.03.2019 21:32;;;1;;;;;;;;;;;;;;;;;;;;;;;;;;;;;;;;;;;;;;;;;;;;;;;;;;;;;;;;;;;;;;;;;;;;;;;;;;
sDr_LLNLc1r27WC53TOJDE78MoMUFfwXNeD1S1EdH9TERjLgmRZZVGrVvvvVfoHm;17.03.2019 22:36;17.03.2019 22:48;17.03.2019 22:48;;1;2;3;4;3;4;1;3;2;2;2;2;4;5;4;2;4;5;2;5;5;4;2;3;4;4;3;5;4;4;6;4;5;5;4;4;5;2;5;3;3;5;4;5;4;5;5;3;6;3;3;5;5;5;4;2;4;3;5;4;4;5;2;3;5;4;5;5;1;;2;7;;11, 17;
3VWCzE7pKs_xBvqIJC5vUdMkEZNx1d1N8S8dK-txb2WT7cjsBKj3zFkDcoq0WnpC;18.03.2019 00:06;18.03.2019 00:19;18.03.2019 00:19;;1;3;2;2;2;1;3;4;2;1;1;1;2;3;3;5;2;3;3;5;5;5;1;3;5;3;3;4;3;2;4;4;5;4;4;4;4;4;4;4;4;3;3;5;4;4;5;4;5;4;4;4;4;3;4;4;4;3;4;3;4;5;5;3;5;6;5;5;1;;2;5;;5, 12;
7bq993hM_octV4K7vFRLbaYti01JfhWehmE_Nhu065Hl1i5I25hXZZrVjNb4PhU9;18.03.2019 08:34;;;;;;;;;;;;;;;;;;;;;;;;;;;;;;;;;;;;;;;;;;;;;;;;;;;;;;;;;;;;;;;;;;;;;;;;;;;;;;
MuD360skToeaZ_49cp7WApG3-CdQ_McMQVQpXKgPY2WmhwaXDeNHUNqc25OUXSYH;18.03.2019 09:04;18.03.2019 09:11;;;1;3;5;;;2;;;4;;;1;5;3;;4;;1;;3;;3;;4;4;;4;4;;;5;4;;;2;2;4;1;2;;;;;;3;5;;;;4;;;4;;5;;3;;;4;3;;;;6;3;;3;;;;;;;
XquMdrx-AqJ0Qk-SjqdxsUBUfaJ5Yf-KGZQzTs06brkgSkEsIaYFQaGIFh3V29Og;18.03.2019 09:21;18.03.2019 09:38;18.03.2019 09:38;;1;4;3;4;3;2;2;4;2;3;4;5;5;5;5;4;4;3;5;2;6;5;2;2;3;4;3;4;3;3;6;4;4;5;5;5;6;5;4;5;6;5;5;5;4;6;6;4;5;3;4;4;6;5;4;3;6;5;5;4;6;5;4;5;6;4;4;4;1;;2;1;;12, 15;
Pp9UOw6AlxKzFOsUyuX1OX7aWwdGHzYLKPWTF3a-4MGdudNNTV-xCvpIy-VfBhoB;18.03.2019 09:40;18.03.2019 16:05;18.03.2019 16:05;;1;5;3;3;2;2;3;3;3;1;2;2;4;4;4;3;4;2;4;4;4;4;4;3;4;4;4;4;3;3;4;5;4;3;3;3;3;3;4;4;2;3;4;4;2;2;2;3;5;3;2;2;5;3;3;3;2;3;5;3;3;5;3;2;4;3;3;3;1;;2;1;;15;
69GU9kWbXoSrY_RLm39MXi8UG0qm4aJfYtjIKUUNFeOzpf_GwfgnbMVjVdXcNUVE;18.03.2019 09:44;20.03.2019 23:29;20.03.2019 23:29;;1;5;4;5;4;5;1;5;5;1;1;5;4;5;4;4;5;4;2;4;;4;3;5;6;5;5;5;4;6;6;4;5;5;5;;6;5;3;4;4;5;5;6;6;5;3;5;5;2;6;5;4;5;6;4;6;3;6;5;4;5;5;4;6;5;6;5;1;;2;3;;20, 31;
rE3cIwdndhuLhSuFx4Vzcn1t7-FjnNcdQ3vneBaCFpPsJgHcX0VNGDC08TGOmHR_;18.03.2019 10:47;18.03.2019 10:53;;;1;;2;2;;1;1;3;2;2;2;2;;3;;3;3;5;;4;5;;1;;5;4;;;3;;;4;4;4;;;4;4;;;2;3;3;2;3;2;4;4;3;5;4;4;4;6;4;5;5;3;;4;5;4;5;4;3;5;;3;;;;;;;
vtbHWdNewt7dgE_Mc_oDfWP7HmbNw0GO791jppiV8Ljsb_jnqTBv-0RH_tYLHpMc;18.03.2019 11:16;18.03.2019 11:17;;;1;;;;;;;;;;;;;;;;;;;;;;;;;;;;;;;;;;;;;;;;;;;;;;;;;;;;;;;;;;;;;;;;;;;;;;;;;;
klbIIsqus3vwNBfkwUI4HcQZmDLBEU_gEP3NKCEy_aGulA81UpV9vtl2sL_msyzl;18.03.2019 12:13;18.03.2019 12:30;18.03.2019 12:30;;1;5;3;5;4;2;6;2;2;2;1;5;4;4;4;4;4;2;5;4;4;4;4;2;3;4;2;4;5;4;6;5;3;5;4;3;2;3;2;3;3;4;5;5;4;5;5;5;6;6;5;4;5;4;5;4;5;1;5;1;5;6;1;1;6;5;6;5;1;;2;7;;31, 40;
y02bM5jmVO1j0WnTPc3MPNmA1E4eHlpKoXFVnpRwrScPG725H_3LPFKHKSBIahrf;18.03.2019 12:18;;;;;;;;;;;;;;;;;;;;;;;;;;;;;;;;;;;;;;;;;;;;;;;;;;;;;;;;;;;;;;;;;;;;;;;;;;;;;;
LcvRdkp1gOBUTq-XOtswmKcNreOEHRZoH8SGdA6J2m_XhJlO9EXhSNCGNYCmapq1;18.03.2019 14:06;18.03.2019 14:09;;;1;;3;4;5;;3;4;4;4;;4;;4;5;6;4;4;5;;5;;;4;;4;5;;5;;5;5;6;4;4;4;4;5;5;5;5;5;5;;4;4;;6;4;4;5;;5;5;4;;4;4;4;5;5;;5;;5;;4;5;;;;;;;
hfxEGwSo3b1a0T64PVVu4AAX8DknmzBIIFxWAM0BZKcLMyDKkMUZjRteXeO2A8qM;18.03.2019 14:46;;;;;;;;;;;;;;;;;;;;;;;;;;;;;;;;;;;;;;;;;;;;;;;;;;;;;;;;;;;;;;;;;;;;;;;;;;;;;;
#NAME?;18.03.2019 14:46;;;;;;;;;;;;;;;;;;;;;;;;;;;;;;;;;;;;;;;;;;;;;;;;;;;;;;;;;;;;;;;;;;;;;;;;;;;;;;
qmNYr8ebFiptiRgrjbEK7ZbdlCVjUrNZA6LmObtWWeIXPwAh1gKt2__ZCPzzOUrL;18.03.2019 16:36;;;;;;;;;;;;;;;;;;;;;;;;;;;;;;;;;;;;;;;;;;;;;;;;;;;;;;;;;;;;;;;;;;;;;;;;;;;;;;
TMz20NIY1y89fKVyUWsWq0wnsgDXm9Afs7XHZK_RwkTrL_5J1srCj3_rkeBk61BJ;18.03.2019 19:07;;;;;;;;;;;;;;;;;;;;;;;;;;;;;;;;;;;;;;;;;;;;;;;;;;;;;;;;;;;;;;;;;;;;;;;;;;;;;;
VgPqL1SBX4xpAyarUA8QMoTnV-FixhJFh8Dh3gHqyeGFjECszRcZS-Ojlo7HGsA-;18.03.2019 19:07;18.03.2019 19:24;18.03.2019 19:24;;1;3;3;3;3;2;5;2;3;1;2;2;5;3;3;3;3;2;2;3;5;2;2;4;4;3;4;4;5;4;6;3;4;5;5;5;6;4;4;5;2;5;6;4;4;5;4;5;5;6;5;5;4;5;3;4;6;2;4;3;6;6;4;2;6;3;5;4;1;;2;1;;12, 39;
xUG5jYie8xybj9XrJiJRAi7lzmrFBYIEeLrLqQaMYtg9oB1fNfrZ74Y9ymEVViZs;18.03.2019 20:25;18.03.2019 20:35;18.03.2019 20:35;;1;3;1;4;3;1;1;3;1;1;1;1;1;3;3;2;6;2;4;6;6;6;2;6;6;6;2;3;4;2;6;3;6;6;6;4;6;6;4;2;2;4;5;5;6;3;3;6;4;6;6;6;4;5;2;5;6;3;5;6;5;6;2;1;6;1;5;6;1;;2;1;;31, 39;
DS9FTAK5WXeannkdmqGuzZt_pkT9Bv20uhMczsWDv77RQsv2WT0OQWZHXxtsstrz;18.03.2019 20:32;18.03.2019 20:33;;;1;;;;;;;;;;;;;;;;;;;;;;;;;;;;;;;;;;;;;;;;;;;;;;;;;;;;;;;;;;;;;;;;;;;;;;;;;;
nt85ZlgKOaTMMj-Cyb0ektux6L0ccIq4m1uCxskSiBmytXeFRbWUX8JKLNYOzJfb;19.03.2019 18:52;19.03.2019 18:53;;;1;;;;;;;;;;;;;;;;;;;;;;;;;;;;;;;;;;;;;;;;;;;;;;;;;;;;;;;;;;;;;;;;;;;;;;;;;;
gIKygiRSQZ9o5t3cDnyp0T8kujgccarFdg_tlWXYuo4-zheaHijv_JDnioEYPkdC;21.03.2019 14:23;21.03.2019 14:27;;;1;;3;;;;;2;;2;;;3;2;3;4;;;;;5;;;;;;;;;4;;;5;;;;5;;;;;5;;;;;6;;6;;;;;;;;;;;;4;;;;;;;4;;;;;;;
e4F9OO5AplmQaoFBaIsDxCNy-z8jWdAZoCCdj_px2-zuSb6MiEo04vAi66ydtTyA;21.03.2019 14:30;21.03.2019 14:30;;;1;;;;;;;;;;;;;;;;;;;;;;;;;;;;;;;;;;;;;;;;;;;;;;;;;;;;;;;;;;;;;;;;;;;;;;;;;;
c6OTvhTCgOSq7djtxrEKAUiW4biTMaKmBzCQ6jNjXDFbKp5iicXlNqTcWlId9T4Q;21.03.2019 15:01;21.03.2019 15:02;;;1;;;;;;;;;;;;;;;;;;;;;;;;;;;;;;;;;;;;;;;;;;;;;;;;;;;;;;;;;;;;;;;;;;;;;;;;;;
AN-yfD0Daksf831CwGg8rvn92KQbdxwxzMT-So05CV3fecAR7FHan4ER0BGMDljO;21.03.2019 15:03;21.03.2019 15:11;21.03.2019 15:11;;1;;;3;;;;;;;;;3;;;3;4;1;5;6;4;;;2;;;;;4;5;3;4;4;;3;;;3;4;4;2;3;3;5;;;;;2;2;5;5;5;;;3;;;6;;;4;;2;6;;5;;1;;4;6;FÃ¶rderschulabschluss;5, 40;
djSrhIX19bMkxtUwqgaNbBDCD8O-VWsK9y2neottKgNT_PvQDZEhMKJ4jSJTojcn;21.03.2019 15:10;22.03.2019 05:40;;;1;;;;;;;;;;;;;;;;;;;;;;;;;;;;;;;;;;;;;;;;;;;;;;;;;;;;;;;;;;;;;;;;;;;;;;;;;;
qpY5LL_4v6Zr-RQ2Bb6u7m2GsfrBjFDx67_bkB3JBB7_fzbUdXoPwC9tMZe3FdR0;21.03.2019 15:59;21.03.2019 16:14;21.03.2019 16:14;;1;2;2;2;2;1;1;3;1;1;1;1;1;4;3;4;5;4;1;6;6;4;1;2;3;5;4;5;3;3;4;2;4;5;4;3;4;4;6;4;3;5;5;6;5;3;2;4;5;2;4;5;4;4;4;5;2;2;4;2;4;5;2;3;5;3;4;4;1;;4;5;;4, 13, 16;
4THblkmUEsbYOTnNo-SwGUP5JpYdS9vzvDzxxpVS3pmXEBYRvAfL8xZkTW0cfNP1;21.03.2019 16:14;21.03.2019 16:24;21.03.2019 16:24;;1;2;2;2;2;1;1;1;1;1;1;1;5;2;3;4;4;1;2;6;5;4;1;4;2;4;2;5;3;3;4;3;4;4;5;4;3;5;3;4;2;1;3;3;2;1;5;5;6;3;5;4;4;4;4;5;5;5;5;3;5;5;2;1;3;5;5;4;1;;8;1;;39;
WC7OutmcvkYDNBQd4X742LpGwNr9IGO7LoFM5GBI8MziLBtU3XiH1_HSaKnOvBj0;21.03.2019 16:15;21.03.2019 16:26;21.03.2019 16:26;;1;2;2;2;2;1;1;2;2;1;1;1;3;4;4;4;3;2;3;6;6;4;1;2;4;3;4;6;3;4;4;3;4;5;4;4;4;6;4;3;3;2;3;2;2;3;4;4;4;3;4;4;4;4;4;4;4;4;4;2;4;4;3;1;3;4;5;4;1;;8;1;;13, 39;
fAlaLw13MMffIRdPQEpNu7KNnuso4MIDtjMZGJBfpYoJ-PDp8HUgKlIVAIiyoybz;21.03.2019 16:20;21.03.2019 16:20;;;1;;;;;;;;;;;;;;;;;;;;;;;;;;;;;;;;;;;;;;;;;;;;;;;;;;;;;;;;;;;;;;;;;;;;;;;;;;
4THblkmUEsbYOTnNo-SwGUP5JpYdS9vzvDzxxpVS3pmXEBYRvAfL8xZkTW0cfNP1;21.03.2019 16:24;;;;;;;;;;;;;;;;;;;;;;;;;;;;;;;;;;;;;;;;;;;;;;;;;;;;;;;;;;;;;;;;;;;;;;;;;;;;;;
wFVsArJPegFRfqDc2ehX2p0uStzTiGhnf2v3ZWt1oa43dPSgGFgtLi7EJErqxgGE;21.03.2019 16:35;21.03.2019 16:37;;;1;;;;;;;;;;;;;;;;;;;;;;;;;;;;;;;;;;;;;;;;;;;;;;;;;;;;;;;;;;;;;;;;;;;;;;;;;;
Mggixu1pn2fLlES-ogMhO9i-CNQ0XNxHG6bnS_a9z9VlXUOunZ5bDb5YX22hsDZh;21.03.2019 18:32;21.03.2019 18:45;;;1;;;;;;;;;;;;;;;;;;;;;;;;;;;;;;;;;;;;;;;;;;;;;;;;;;;;;;;;;;;;;;;;;;;;;;;;;;
pc8z5fGEKMR48mzy-OfnX1qQ20EZBxgdPQ30pD5jLoRBADyiaOuCyrmjtytmgGHl;21.03.2019 19:26;21.03.2019 19:27;;;1;;;;;;;;;;;;;;;;;;;;;;;;;;;;;;;;;;;;;;;;;;;;;;;;;;;;;;;;;;;;;;;;;;;;;;;;;;
LkUs_ar4HSqH5AVmIFxIhEtE4ngqBDTzuyeJ1WladjpDEyoQvLAlc-uYLjeQhCF9;21.03.2019 20:16;21.03.2019 20:50;21.03.2019 20:50;;1;2;3;4;3;1;2;4;2;2;2;3;4;3;4;4;4;3;3;5;4;4;1;3;6;3;3;5;4;3;4;4;5;6;5;6;5;6;4;5;4;2;2;3;3;3;4;3;5;5;5;4;4;5;3;5;3;2;4;3;4;5;2;3;4;3;4;5;1;;8;1;;11, 12, 44;
LkUs_ar4HSqH5AVmIFxIhEtE4ngqBDTzuyeJ1WladjpDEyoQvLAlc-uYLjeQhCF9;21.03.2019 20:51;;;;;;;;;;;;;;;;;;;;;;;;;;;;;;;;;;;;;;;;;;;;;;;;;;;;;;;;;;;;;;;;;;;;;;;;;;;;;;
5xju6BqoGaztQcQ7Y9YX9Iwn8i1iUohZMXzgty_B0_sYZNopG4cgxh49C_jwNxu1;21.03.2019 21:45;;;;;;;;;;;;;;;;;;;;;;;;;;;;;;;;;;;;;;;;;;;;;;;;;;;;;;;;;;;;;;;;;;;;;;;;;;;;;;
TUY_BPv5ECz-xnAfpy0mW7xfOg9fCOpxvE79sP3LsF6LAD6KxZOTEIMQxstiq8VA;21.03.2019 22:31;;;;;;;;;;;;;;;;;;;;;;;;;;;;;;;;;;;;;;;;;;;;;;;;;;;;;;;;;;;;;;;;;;;;;;;;;;;;;;
RCPmRX5ukYzYkMyJFCaxm-Wa1k2QP2PAJtX-zseARsjl30b9TXCJ9lAUwm5MUzzQ;22.03.2019 09:33;22.03.2019 09:33;;;1;;;;;;;;;;;;;;;;;;;;;;;;;;;;;;;;;;;;;;;;;;;;;;;;;;;;;;;;;;;;;;;;;;;;;;;;;;
bOvtSxXwzkQCFoCC1TldFCvdyYA7aWbqk-Mbq3vTqCElkK1Db7X-T-A73ECFYkt5;22.03.2019 15:28;23.03.2019 16:46;23.03.2019 16:46;;1;3;2;3;4;1;2;4;3;3;2;2;4;4;4;4;4;4;3;3;;3;2;4;4;4;4;3;4;4;5;4;3;4;4;4;3;4;4;3;3;3;4;4;3;4;5;4;4;3;4;4;5;4;4;4;5;3;4;5;;6;3;3;4;4;4;5;1;;4;3;;4, 5, 18;
AWoPGKPUPv-VTrXoN35DS3FHza5H1Pz_j3lFNauaiMx5BJjfmT0wu4OyrPuM2zXM;22.03.2019 16:18;22.03.2019 16:18;;;1;;;;;;;;;;;;;;;;;;;;;;;;;;;;;;;;;;;;;;;;;;;;;;;;;;;;;;;;;;;;;;;;;;;;;;;;;;
qtQiKW_T_waseFAs2qeWLcMqJW5W44gSgJy_AbT3u0LoYRVueK9ILeuceLgqkQEM;22.03.2019 17:47;22.03.2019 17:47;;;1;;;;;;;;;;;;;;;;;;;;;;;;;;;;;;;;;;;;;;;;;;;;;;;;;;;;;;;;;;;;;;;;;;;;;;;;;;
y09_-YkY_cuzru0eWKjNsXT3x_NLyMTKJ1feL0Qgz55nX42WKGUjH932LqS9WuIM;22.03.2019 22:08;22.03.2019 22:29;22.03.2019 22:29;;1;2;2;3;3;2;1;3;2;3;1;1;2;3;3;4;3;2;1;3;4;4;2;4;5;2;3;3;4;3;5;2;5;5;4;4;5;5;5;4;4;3;3;2;3;3;6;6;5;3;4;5;4;5;3;3;4;2;4;4;4;4;4;3;5;4;4;5;1;;10;1;;39;
IU-3nOqESmRcDx5kystCPsPDT5eL8dp92BJzu0Rgjz6YgNjf8f0O1o4og_XTPWLT;22.03.2019 23:38;22.03.2019 23:53;22.03.2019 23:53;;1;3;2;3;2;1;1;3;3;1;4;1;1;2;4;2;3;2;1;4;5;3;1;4;6;3;1;4;4;5;6;4;4;5;2;4;4;3;4;4;2;4;3;3;3;2;5;2;3;2;4;4;5;3;2;3;3;3;4;4;4;4;4;3;5;4;4;4;1;;7;1;;31, 39;
sWgxiz3-TQZ3Kq_5EBEV3SUQ6PRRSl-DXJN-WOBbTuWxFoC4Ov9l80vWcpY5csq_;23.03.2019 10:49;23.03.2019 10:57;;;1;2;;2;3;;1;1;;2;1;2;2;3;3;2;3;2;;5;;;;3;3;4;2;6;3;4;5;;5;6;5;4;4;5;5;4;3;6;6;;6;6;4;;;4;;5;;2;5;5;3;;4;;6;4;3;;5;5;;4;;;;;;;
lGUwfTdDQdLZYaP2D8_uwoEYDdbPXvXzNUzyN2qGg8xy-gdWN0XRBJLSPo3hISaZ;23.03.2019 13:53;23.03.2019 16:20;23.03.2019 16:20;;1;3;2;3;3;1;1;1;1;1;1;1;2;3;2;4;2;1;4;5;6;6;2;5;5;2;2;4;3;5;6;3;4;5;4;6;3;5;3;3;2;4;2;4;1;4;1;3;5;5;4;5;5;4;5;4;3;2;5;3;4;6;2;1;6;3;3;4;1;;4;1;;39, 40;
Un7XRXonf_ozfMPshYYbA9B39uVUH9QYr9uYUdr2ko16CkQAf-MANczYkKOz6bAf;23.03.2019 14:07;23.03.2019 14:54;23.03.2019 14:54;;1;2;4;4;4;3;;6;1;1;1;1;1;4;4;4;5;3;2;6;5;6;1;4;1;4;5;6;5;6;6;5;5;6;6;4;5;5;1;2;4;4;2;6;1;5;6;4;4;4;4;4;4;4;5;1;3;1;6;1;6;6;4;1;6;1;5;6;1;;12;1;;4, 32, 39;
VqQgFuQiO4LGW2hbig8sau7ZHG5sycsGqNa4cnKY2PTxTeA9lvTsUiBVP9PJyXoo;24.03.2019 11:53;24.03.2019 12:22;24.03.2019 12:22;;1;3;3;4;2;1;1;5;1;1;1;2;3;4;4;4;4;2;2;6;4;5;2;4;2;2;3;6;3;3;5;3;5;5;4;5;4;5;4;4;3;3;3;3;3;6;4;5;4;4;5;4;4;5;2;4;5;3;4;3;5;5;4;3;4;3;5;4;1;;8;1;;12, 39;
YSnfWT7WoK-oltwboci32TbcUbQ82AcZ1pOejhJOtvMrD0Gu_BVNOEfyHjFgH8yR;24.03.2019 12:14;;;;;;;;;;;;;;;;;;;;;;;;;;;;;;;;;;;;;;;;;;;;;;;;;;;;;;;;;;;;;;;;;;;;;;;;;;;;;;
05vXtiGLBQsLd5K16HvfTvrKWULn-Gl5gOPzuAyhb-LvLnEzq9apyx9KM_g5t5vu;24.03.2019 12:14;24.03.2019 12:14;;;1;;;;;;;;;;;;;;;;;;;;;;;;;;;;;;;;;;;;;;;;;;;;;;;;;;;;;;;;;;;;;;;;;;;;;;;;;;
fZ7lRWYkwEjVV1Dynj84__zDi6ajOm_H-GYWugvHSasZeqTW1UJL0TnQYdZzHoQc;24.03.2019 22:09;24.03.2019 22:19;;;1;1;1;;;;;1;;;;1;2;;;2;;;;;;;1;;;;;4;;;;;;;;;;;;5;1;6;4;6;;;;5;;;;;;;;6;;1;;;;;;;;;;;;;;;;;
hmmSOxQDbfjykvSOxI3PwfcTS2Bh0myPrwAdbU3ivnIJLYBu8zc52a_0ha8NtjHl;24.03.2019 22:18;24.03.2019 22:18;;;1;;;;;;;;;;;;;;;;;;;;;;;;;;;;;;;;;;;;;;;;;;;;;;;;;;;;;;;;;;;;;;;;;;;;;;;;;;
7YvvdlwT0RZbYFfMq7JY8O4jVDLK7ks5B_yJ-BWS3hG2QVb9eqFpSmoMv1hUMYDi;26.03.2019 17:26;26.03.2019 17:26;;;1;;;;;;;;;;;;;;;;;;;;;;;;;;;;;;;;;;;;;;;;;;;;;;;;;;;;;;;;;;;;;;;;;;;;;;;;;;
d1Y7CEs-1QPOSmhbWJzm8SpGLOzZmhuw_OfWCsLScYCtChx5dE4TPxqxtyIvz7TY;27.03.2019 20:14;27.03.2019 20:31;;;1;4;2;3;;;1;;;;1;1;2;2;4;2;2;2;3;3;4;;3;4;5;;4;5;2;2;5;2;5;5;5;5;5;6;6;;4;5;3;3;;2;5;;4;5;;;4;4;5;5;;5;;;5;4;;;3;3;4;4;;;;;;;
vRJIufU-vBg0slUvS5bkJD-BsnZvPw5kW-MBaUxtUQUiibBquLeU3RbrvmicBpK1;27.03.2019 21:35;27.03.2019 21:43;;;1;;2;4;4;;;4;;1;;1;4;;5;4;;;2;6;;4;;;;2;;;6;;4;6;;5;5;;4;;6;4;4;;;;2;;;;;;;5;5;;6;;6;;;;5;6;1;1;;1;1;;;;;;;;
pQZjfV1WqKRqYObobqgfD9_UKnIl-2LCI3uJp3RdoZjVSjxb-GyAzxUSZryLApD0;29.03.2019 09:03;;;;;;;;;;;;;;;;;;;;;;;;;;;;;;;;;;;;;;;;;;;;;;;;;;;;;;;;;;;;;;;;;;;;;;;;;;;;;;
M-_hfkCAHzsEP23_BShUCJj2O4_wHr0TrQYfljhveh97Fm56dDvThHJTLCxoS7oB;29.03.2019 13:05;03.04.2019 11:15;;;;;;;;;;;;;;;;;;;;;;;;;;;;;;;;;;;;;;;;;;;;;;;;;;;;;;;;;;;;;;;;;;;;;;;;;;;;;
mcNaMOmQt4CU7zpl7mmvvWp2MW0DoVXXrRiNsmlGhahodibhXrp5OWqSWJI9xPqr;04.04.2019 14:49;;;;;;;;;;;;;;;;;;;;;;;;;;;;;;;;;;;;;;;;;;;;;;;;;;;;;;;;;;;;;;;;;;;;;;;;;;;;;;
HsHpc_G0i_nzAP5ER84MMiO9z81NJGiwJOMhY4gfbQY9TsYk1UCcQU63dOfLURcp;04.04.2019 15:06;04.04.2019 15:18;04.04.2019 15:18;;1;3;3;3;1;1;4;2;4;1;1;2;5;3;4;3;3;1;4;3;5;4;4;2;6;6;3;4;3;4;6;1;6;5;4;6;6;6;6;5;6;6;5;6;4;5;3;6;5;3;4;5;4;6;3;3;5;4;4;2;3;5;5;4;6;5;4;4;6;;2;1;;9, 12;
KTbKVb6w2nLMeut1HVLZdb9S9PMnfcGYI8Bae7ysPoH6dGfsJ2W2fcj8o8dMF1tX;04.04.2019 15:06;04.04.2019 16:01;04.04.2019 16:01;;1;4;2;3;3;3;3;3;3;2;;4;4;4;3;2;3;3;4;4;1;4;;3;3;3;4;4;4;4;2;3;5;4;3;5;3;3;4;3;2;2;2;3;1;4;4;6;3;3;3;4;4;3;3;3;2;5;3;2;2;2;4;2;3;2;3;3;6;;2;1;;27, 31;
_wviKfz719OkFqXRWWbtBClFMoRkZfKPfcN-MimiEOBeay98d9O2Wk83MRyehCrW;04.04.2019 15:06;04.04.2019 15:18;04.04.2019 15:18;;1;2;2;2;2;1;1;6;2;1;1;2;1;3;4;3;4;1;2;4;6;2;1;2;4;4;2;4;2;2;5;2;5;5;4;4;5;6;2;6;6;2;2;2;2;1;6;4;1;3;1;5;2;3;5;6;5;3;4;2;4;3;6;3;3;4;4;4;6;;2;7;;4, 42;
d1kBIhz__W8uHb3GVultMs9z5774mp_Ub1j9P6ZI5hLFoADsEIrctUu3O4JmznBK;04.04.2019 15:07;04.04.2019 15:07;;;;;;;;;;;;;;;;;;;;;;;;;;;;;;;;;;;;;;;;;;;;;;;;;;;;;;;;;;;;;;;;;;;;;;;;;;;;;
1g6rwT0vu8veJodHYryVZTE8PrdHZ9Esu3DjTknOcd_Iw01Epc_xzZkt9Bwqml8e;04.04.2019 15:08;04.04.2019 15:22;04.04.2019 15:22;;1;2;4;3;5;2;2;4;3;1;1;2;3;3;3;2;6;1;3;4;5;4;2;2;3;4;2;4;4;4;6;4;5;5;4;5;4;5;4;5;5;5;5;5;5;5;5;2;4;2;3;5;4;5;4;5;5;4;5;4;5;5;3;2;6;5;4;3;6;;5;1;;27, 31;
wXUiO3w2HnsEnEnDgfV9jHL04pNBP0ttwcLCGooir4Ia9GLcFkQJ5Q4SACsnU0zf;04.04.2019 15:08;09.04.2019 15:55;;;;;;;;;;;;;;;;;;;;;;;;;;;;;;;;;;;;;;;;;;;;;;;;;;;;;;;;;;;;;;;;;;;;;;;;;;;;;
gUWUvO8bJkyoG2iX7SP3O0nFPZBbLGUzp61-aYGUcLnwf9I9Iuwhrbm70FtnbMDD;04.04.2019 15:11;04.04.2019 15:34;04.04.2019 15:34;;1;2;2;1;3;;1;4;1;2;1;1;2;2;3;4;3;4;1;5;6;3;1;4;3;5;5;4;3;4;4;4;5;5;5;4;4;5;6;4;4;5;5;6;2;6;4;6;6;6;3;4;5;5;4;2;5;5;6;5;5;3;6;1;6;3;5;5;6;;2;7;;13, 18, 33;
DoyZRiSygh3ucesF6Tu6v9rsnFQ6fcr5tycreOm96FWR0Z-e6I8sOjk-yHOIevM9;04.04.2019 15:19;04.04.2019 15:40;04.04.2019 15:40;;1;4;3;4;3;1;6;3;4;2;2;1;5;4;5;6;5;1;3;5;6;6;1;3;6;2;5;4;5;6;6;5;4;5;4;4;5;6;5;3;4;5;5;6;6;6;4;6;6;5;4;5;4;4;5;5;5;4;6;5;6;6;3;2;6;5;6;6;6;;2;1;;5, 31, 39;
RVo06XZbePUwZjTzuDvwoDB_4bd1JlfyFGtcLcYOYpIEl0zzeAiVo0YfDYNJo_wV;04.04.2019 15:22;04.04.2019 15:55;;;1;;;;;;;;;;;;;;;;;;;;;;;;;;;;;;;;;;;;;;;;;;;;;;;;;;;;;;;;;;;;;;;;;;;;;;;;;;
MrwHACXZj8kwpZ2pQavBVAWm1rV-vOrYcAeBuCo9j7U3FYNv1DIdLwSBlp4jTgnj;04.04.2019 15:27;04.04.2019 15:54;04.04.2019 15:54;;1;5;1;4;3;1;3;4;1;1;2;2;3;4;4;4;5;2;2;3;4;4;4;2;4;5;3;3;2;4;5;3;5;5;5;4;3;2;5;4;4;3;4;4;5;3;3;3;3;3;3;5;4;5;5;5;4;2;4;2;5;3;2;2;6;2;4;5;6;;2;1;;27, 31;
e_VPEJEQYy0xf-GFN3pzFSzltAPjZ2-yxI4FSjRPuyd3VGioPCFKRwsFvRALnpT4;04.04.2019 15:32;04.04.2019 15:42;04.04.2019 15:42;;1;4;2;4;4;1;1;3;4;2;1;3;5;2;2;3;4;2;3;3;6;5;3;4;4;3;1;5;3;4;4;2;6;6;3;6;6;6;6;6;3;3;3;6;6;3;3;5;5;3;3;5;4;6;4;5;6;3;4;2;3;5;2;6;5;4;3;4;6;;2;5;;4, 31;
MQ4rSfr47gvOfK6O8HQftTdbhVPcYOQt946jtgsJkzQHAtelCNIxS6DHf_QVpUoF;04.04.2019 15:37;;;;;;;;;;;;;;;;;;;;;;;;;;;;;;;;;;;;;;;;;;;;;;;;;;;;;;;;;;;;;;;;;;;;;;;;;;;;;;
t4_1gfueI3H0t61k5RIPdDl2IVqc_X0hoQ5jUJPXEMtO9Gbh8RZDtb5zMr8jMVlo;04.04.2019 15:38;04.04.2019 15:52;04.04.2019 15:52;;1;4;4;4;4;1;6;1;2;1;1;2;2;3;4;5;4;1;2;6;6;6;2;4;5;4;1;3;5;6;5;6;5;3;4;4;4;2;5;4;3;5;4;5;4;5;5;5;6;2;4;5;5;4;5;4;4;6;4;6;2;6;2;3;6;5;5;6;6;;2;1;;5, 31, 39;
K8hWCC-EL0P5XKoO3x4tC0PmXqBTSe0d18mFZA2tvIgbhVqztNwiNKRJcIcci-jZ;04.04.2019 15:39;04.04.2019 15:40;;;1;;;;;;;;;;;;;;;;;;;;;;;;;;;;;;;;;;;;;;;;;;;;;;;;;;;;;;;;;;;;;;;;;;;;;;;;;;
dsmTGOKvfD28mD_K4GxyewMWSkLnQzoqiekfzpO92qg04VgZMq47CR25Du7pHLL2;04.04.2019 15:44;04.04.2019 16:02;04.04.2019 16:02;;1;4;3;4;4;3;1;5;1;2;2;1;2;4;6;1;4;2;6;3;6;4;5;5;5;4;3;3;1;3;3;2;6;5;6;6;5;6;3;5;5;4;3;6;6;5;6;4;3;4;4;5;5;4;2;2;6;4;6;2;5;3;5;4;4;2;1;2;6;;2;3;;31, 37;
mjTnyWUT0Fk8k5qQWtBE4GrRoE5aWZshlNCn_cLDSmy1zUFWA6Bb7XzB365lEZtk;04.04.2019 15:44;04.04.2019 15:54;04.04.2019 15:54;;1;2;2;4;3;2;1;2;1;2;2;1;5;5;5;2;4;1;2;4;5;2;3;4;4;1;2;3;4;3;5;3;4;4;3;3;4;4;3;4;3;5;4;5;5;5;4;5;5;5;3;5;3;4;3;2;4;2;4;5;4;3;2;2;5;3;4;4;6;;2;1;;12, 17, 39;
t4HxVrLP4Em0hUIdM-PoEpp3rVrM3Fei10eBw3UHDaL5qq-rEKODYaeGMIz4N7i4;04.04.2019 15:46;04.04.2019 15:56;04.04.2019 15:56;;1;1;1;1;1;1;1;1;1;1;1;1;2;2;3;5;3;2;5;5;6;6;1;3;5;3;1;5;3;5;6;5;3;4;5;5;4;3;5;6;2;3;4;4;3;3;2;2;5;2;5;5;5;3;5;4;4;6;4;2;5;5;3;1;6;6;5;4;6;;2;1;;31, 39;
j8PRCsVKdkTD75B9guApDZg5E61Mw4j9G1HtGT5TDtVbay6_PkVDzdTtiWsAvmKU;04.04.2019 15:46;04.04.2019 16:20;;;1;4;3;;;;;;;;;1;;;;;;;;;;6;4;4;;;;5;6;;;;;;;;4;3;;;;;;;;;;;;5;6;4;4;;;;;;;;;;;;;;;5;;;;;;;
n_fBvOkTHC8nanPR2JKus6QpT3qvK2Y7zY1X0420Q3S2bhSKipMN6-k_WsB8Gfsm;04.04.2019 15:47;04.04.2019 15:59;04.04.2019 15:59;;1;1;5;3;4;2;1;3;2;2;3;2;3;3;;2;3;3;3;5;5;6;3;3;6;3;2;4;3;5;6;4;4;3;3;4;3;;3;3;2;5;5;6;5;6;3;4;5;3;3;4;5;3;4;4;5;3;4;4;3;5;3;2;5;5;4;5;6;;2;1;;27, 31;
AeXhSkj4ZMYuo7RhCZvS78wNv9ANJpYXQq2uq-XF0ST40aspA4kDoFDIDs1RXvJ6;04.04.2019 15:54;04.04.2019 16:10;04.04.2019 16:10;;1;2;3;2;3;2;1;5;1;2;2;3;2;3;4;4;;3;1;5;5;5;2;4;3;4;2;4;5;4;5;5;3;4;4;4;5;4;5;3;2;2;4;4;5;4;5;5;4;4;4;4;4;4;4;4;3;2;4;2;5;5;4;1;5;1;5;5;6;;4;5;;27, 37;
lbwQrte5pKrybCXTRY3_j6PHEiO5eGUA5x4QCfk1NmmlhqXAKh71CUpABm9t7gPf;04.04.2019 15:54;04.04.2019 15:54;;;1;;;;;;;;;;;;;;;;;;;;;;;;;;;;;;;;;;;;;;;;;;;;;;;;;;;;;;;;;;;;;;;;;;;;;;;;;;
n_fBvOkTHC8nanPR2JKus6QpT3qvK2Y7zY1X0420Q3S2bhSKipMN6-k_WsB8Gfsm;04.04.2019 15:59;;;;;;;;;;;;;;;;;;;;;;;;;;;;;;;;;;;;;;;;;;;;;;;;;;;;;;;;;;;;;;;;;;;;;;;;;;;;;;
jihjUy8ZToqUetmXAtVZV-BvQT1HIzT5ipJf9OoIMkflGCqvNUTtjOfNE5gO9viy;04.04.2019 16:00;04.04.2019 16:04;04.04.2019 16:04;;1;2;3;3;2;4;2;;4;4;4;3;2;3;2;3;2;3;4;6;4;2;5;5;3;3;6;1;3;2;4;5;5;2;6;4;5;2;4;3;5;5;4;3;3;;2;6;5;3;4;4;4;4;4;5;3;4;6;5;3;4;4;2;2;4;2;6;6;;4;3;;4, 42;
KTbKVb6w2nLMeut1HVLZdb9S9PMnfcGYI8Bae7ysPoH6dGfsJ2W2fcj8o8dMF1tX;04.04.2019 16:01;;;;;;;;;;;;;;;;;;;;;;;;;;;;;;;;;;;;;;;;;;;;;;;;;;;;;;;;;;;;;;;;;;;;;;;;;;;;;;
PTrKSt2E3G7eaItjys98oNChV8k7oBQkMs8PEpJKFq3b2feRCS_RylBFOuQtTR7z;04.04.2019 16:03;04.04.2019 16:11;04.04.2019 16:11;;1;3;1;4;1;2;1;3;1;5;1;3;4;3;5;4;1;4;3;3;5;;1;2;2;4;1;3;1;;5;3;3;5;3;4;6;3;5;4;6;4;5;;6;;1;4;;4;3;4;4;4;3;4;6;2;5;5;;3;6;5;6;3;3;4;6;;2;1;;37;
jihjUy8ZToqUetmXAtVZV-BvQT1HIzT5ipJf9OoIMkflGCqvNUTtjOfNE5gO9viy;04.04.2019 16:05;;;;;;;;;;;;;;;;;;;;;;;;;;;;;;;;;;;;;;;;;;;;;;;;;;;;;;;;;;;;;;;;;;;;;;;;;;;;;;
h8dWSrzNQ1IJggs6GGAliixWKX0tWz08_P5V8H3P2Xf17dD39fsXVj3fnWCsTV8p;04.04.2019 16:19;04.04.2019 16:19;;;1;;;;;;;;;;;;;;;;;;;;;;;;;;;;;;;;;;;;;;;;;;;;;;;;;;;;;;;;;;;;;;;;;;;;;;;;;;
QlZS8F_GgaJoixn-JX68pAHrPEReryJfYfna5c2Zgs_6BjYz4cLkPI1DpjZbCsYH;04.04.2019 16:55;04.04.2019 17:08;04.04.2019 17:08;;1;4;2;4;4;2;2;1;2;2;1;3;3;4;3;3;5;3;2;2;3;3;3;3;5;4;2;5;4;5;5;6;3;3;3;2;2;3;4;2;2;5;6;6;6;3;4;5;5;4;5;4;5;3;4;3;5;4;5;4;3;6;5;2;6;2;4;5;6;;2;1;;31, 39;
Yyfz1EJYflOLKY_B9zY-jxXUlD2F-9BMN5HLmOFB0umhQHVVQxhA4TBDGA1-WFRh;04.04.2019 17:01;04.04.2019 19:17;;;1;;;;;;;;;;;;;;;;;;;;;;;;;;;;;;;;;;;;;;;;;;;;;;;;;;;;;;;;;;;;;;;;;;;;;;;;;;
mxtjJzE7bQW8fJ75rQSpPxqKzAjETPDtas5xFJDoIbKMasHX3zoHeV0BVU347w5E;04.04.2019 17:01;04.04.2019 17:02;;;1;;;;;;;;;;;;;;;;;;;;;;;;;;;;;;;;;;;;;;;;;;;;;;;;;;;;;;;;;;;;;;;;;;;;;;;;;;
qgqM2bgNA3OleQtHRONE8kwSJylj4yI-Qzh6-R_A7rbtJNXMYNCa_jkWcFqSKI0w;04.04.2019 17:05;04.04.2019 17:08;;;1;;;;;;;;;;;;;;;;;;;;;;;;;;;;;;;;;;;;;;;;;;;;;;;;;;;;;;;;;;;;;;;;;;;;;;;;;;
rBz4wXOmuic_zQ-7U2cfjXHAJFWcUzqBIoCMKVmB162LsHH94dM3CyaWMa8_r11p;04.04.2019 17:16;04.04.2019 17:16;;;1;;;;;;;;;;;;;;;;;;;;;;;;;;;;;;;;;;;;;;;;;;;;;;;;;;;;;;;;;;;;;;;;;;;;;;;;;;
6YxSN-NMUZlw61CyPgYY47jp30A9yPTyZfnV1fBl9idT3TO1fujwCjz0Wu2oiBAQ;04.04.2019 17:44;04.04.2019 17:55;04.04.2019 17:55;;1;2;3;4;5;1;1;4;3;3;2;2;5;3;4;1;3;2;3;5;5;5;1;4;3;5;3;6;4;2;6;1;5;2;2;1;3;4;2;1;1;3;1;6;2;5;2;6;5;2;6;3;5;2;3;1;2;1;3;3;2;5;2;5;5;1;5;6;6;;2;1;;27, 31;
n0H8a-jYe-TetR82tXdZ_uRtIqVtWQSPAaE8gEU5ysMRbCLA1i6p1p9V7aMEn4Fv;04.04.2019 17:46;04.04.2019 17:47;;;1;;;;;;;;;;;;;;;;;;;;;;;;;;;;;;;;;;;;;;;;;;;;;;;;;;;;;;;;;;;;;;;;;;;;;;;;;;
g94AEW-nxfHEawyHBSCeo-RNCTxwa2TrhI4_fsiAxGxtLDE25e12wXg-TRBZUKxN;04.04.2019 17:50;08.04.2019 11:08;08.04.2019 11:08;;1;3;4;3;3;2;2;5;2;3;3;2;4;4;4;5;4;2;5;3;5;3;2;3;6;4;2;5;5;6;5;3;3;4;4;3;4;3;4;2;2;4;4;3;4;4;5;5;5;5;4;5;3;5;3;4;4;3;3;3;4;4;5;3;4;3;5;5;6;;2;5;;4, 42;
6YxSN-NMUZlw61CyPgYY47jp30A9yPTyZfnV1fBl9idT3TO1fujwCjz0Wu2oiBAQ;04.04.2019 17:55;;;;;;;;;;;;;;;;;;;;;;;;;;;;;;;;;;;;;;;;;;;;;;;;;;;;;;;;;;;;;;;;;;;;;;;;;;;;;;
kTsc7R7us_tWLMIGdHJaUsC409qvLXHEDl-5huZ9tHpA_4i7iMLErj7wxbP-2IwP;04.04.2019 18:08;04.04.2019 18:10;;;1;;;;;;;;;;;;5;;;3;;;5;;;;;3;;;;;4;4;5;5;;5;;;4;;;;;;5;;;;;3;;;6;4;;5;;5;;;;;;;;;;;;;;;;;;;
nwO7QoHlCes0_HNmkd2n88sZssBAP098yaViJU4SxpwNff_t7qXKtyu1ZIzoQNMX;04.04.2019 18:23;04.04.2019 18:46;04.04.2019 18:46;;1;4;4;3;3;4;2;2;2;2;1;2;5;5;2;4;3;3;4;3;5;5;1;4;5;4;3;5;3;5;5;5;3;5;5;3;4;3;5;1;2;5;4;3;5;3;5;5;4;4;4;3;3;3;2;3;4;4;3;4;4;4;3;3;4;3;5;4;6;;4;7;;4, 42;
33g58HvQcQ90CgAlT3P6M44zOsN_6ZnBBNbef9_lfmJRjKJTmaxuUitBABcNKvIS;04.04.2019 18:36;07.04.2019 14:37;;;;;;;;;;;;;;;;;;;;;;;;;;;;;;;;;;;;;;;;;;;;;;;;;;;;;;;;;;;;;;;;;;;;;;;;;;;;;
BsUQjqNsktYYNGR9tFy5IDKnd_SXJMF3BneJxqE9n_DL4andn-Lh3DqUVrMAAYjB;04.04.2019 18:40;04.04.2019 18:51;04.04.2019 18:51;;1;3;4;4;4;2;2;2;3;2;2;3;5;4;3;3;4;4;3;6;6;5;3;3;4;3;4;5;5;4;6;5;4;3;4;6;4;5;5;4;3;4;4;5;5;4;3;4;6;3;5;6;5;5;4;5;3;3;4;3;4;6;2;4;5;2;5;4;6;;2;1;;12;
gRUVXghEe8pfn_eH4_YHybFqHq0KjgU0cC8UF9kgnh7j1vWVGMwpbV5VzOWAPett;04.04.2019 18:47;04.04.2019 19:02;04.04.2019 19:02;;1;1;1;1;1;1;1;1;1;1;1;1;2;1;1;1;1;1;1;6;5;1;1;1;1;1;1;2;1;1;2;1;5;5;1;6;2;6;5;6;5;1;2;1;4;1;5;5;2;1;2;5;1;2;1;6;4;3;2;3;3;2;4;3;2;5;2;2;6;;2;1;;31, 39;
2Vf5Q_qlSkNd8x25VZkBE3p3-6Z_RmN7u1Y-Kq9fn4WPY1WBKTdrN1-7Quh42uh5;04.04.2019 19:10;04.04.2019 19:12;;;1;;;;;;;;;;;;;;;;;;;;;;;;;;;;;;;;;;;;;;;;;;;;;;;;;;;;;;;;;;;;;;;;;;;;;;;;;;
75KtCyzPVQxmbAWbWTQhuqAELio7ASnSFE0MHtdXK5X5PjAptshnNVnKPvlXFFFO;04.04.2019 19:14;04.04.2019 19:14;;;1;;;;;;;;;;;;;;;;;;;;;;;;;;;;;;;;;;;;;;;;;;;;;;;;;;;;;;;;;;;;;;;;;;;;;;;;;;
guri3KQ8u_vKtVIu9K_I7tmxEBQUpIaDaBvVZRneywgkV_Yp-kzn4U8UExKtDwag;04.04.2019 19:28;04.04.2019 19:47;04.04.2019 19:47;;1;3;4;3;4;1;2;3;2;3;3;3;4;4;4;3;5;3;3;4;5;3;4;4;4;5;5;4;4;6;6;4;4;3;5;4;4;4;4;1;2;5;4;5;4;5;5;6;4;4;;5;4;4;5;4;3;2;4;5;;5;;2;6;5;5;4;6;;2;1;;5, 31, 39;
8b1XKoE_YfR9g6z2trPrBqa3axES3T90W3_uosqAOA_e6tzqzxAs309qB8NzH8xT;04.04.2019 19:44;04.04.2019 19:44;;;1;;;;;;;;;;;;;;;;;;;;;;;;;;;;;;;;;;;;;;;;;;;;;;;;;;;;;;;;;;;;;;;;;;;;;;;;;;
sK7ZOGu631C5lEESMhBx-HjUoFRbYWGFZSGDhKj3dA86NlKl4LCnJBsRsE5SfEWT;04.04.2019 20:24;04.04.2019 20:28;;;1;5;;;5;2;;;;;;;;;;;;;;;;;;;;;4;;;4;;;;;;;;;;;3;4;5;4;5;;4;;;;5;;;;;3;3;2;;;;;;;5;;;;;;;;;;
285wSTMUkV-bt90gxAFmcwO5U3PAPR3TVqKoKeLpx9ohtfkVMPIe60ZX_LEw5oL3;04.04.2019 20:26;04.04.2019 21:16;04.04.2019 21:16;;1;2;4;3;5;3;5;1;2;2;1;2;5;4;2;5;3;5;4;4;5;2;1;3;2;4;2;5;5;2;6;4;3;4;3;3;3;5;3;5;2;4;3;2;5;3;3;5;4;5;3;3;2;2;2;5;2;3;2;3;3;4;2;2;5;2;5;2;6;;2;7;;4;
EdG2y_WdP9QVQNtHwnUaoLv8HUYyDGa5zKbp0I_qjKFUrGzh51akMIdyOvk2IqgV;04.04.2019 20:43;04.04.2019 20:45;;;1;;3;;;;1;;;1;;;;;;;;;;;;;;2;;2;1;5;;;;;;;;;5;;;6;;;2;;;6;;;;;;;;;;;5;;;;;5;;3;;4;;5;;;;;;;
4Vtiz-7lgUEJyEH1SoDZgc5cAGLSwJpLRb5KvSkuBxhGkVCNKk_8JjQua10rck_d;04.04.2019 20:45;05.04.2019 09:29;;;1;;;;;;;;;;;;;;;;;;;;;;;;;;;;;;;;;;;;;;;;;;;;;;;;;;;;;;;;;;;;;;;;;;;;;;;;;;
285wSTMUkV-bt90gxAFmcwO5U3PAPR3TVqKoKeLpx9ohtfkVMPIe60ZX_LEw5oL3;04.04.2019 21:16;;;;;;;;;;;;;;;;;;;;;;;;;;;;;;;;;;;;;;;;;;;;;;;;;;;;;;;;;;;;;;;;;;;;;;;;;;;;;;
8dsM50TlLmrn7ZT4Y6STIUOt2vzZmDQ-vf4Auho_BzGHc-N8Uhi55XWIla-xFGKa;04.04.2019 21:26;04.04.2019 21:26;;;1;;;;;;;;;;;;;;;;;;;;;;;;;;;;;;;;;;;;;;;;;;;;;;;;;;;;;;;;;;;;;;;;;;;;;;;;;;
2fHiRLEFbqUEPcrg4-tOekFUMwyD4_6BboeZXwZJsSXqk_umZf7pbxstv3JUGjYA;04.04.2019 21:47;04.04.2019 22:10;04.04.2019 22:10;;1;3;3;2;2;1;1;3;2;1;2;1;3;3;2;2;5;1;5;4;5;5;2;2;1;5;3;3;5;4;5;4;5;4;3;5;4;3;4;5;4;5;5;5;4;5;3;5;5;5;5;5;4;3;3;3;4;5;5;4;5;5;4;3;6;5;3;5;6;;2;1;;12, 39;
2fHiRLEFbqUEPcrg4-tOekFUMwyD4_6BboeZXwZJsSXqk_umZf7pbxstv3JUGjYA;04.04.2019 22:11;;;;;;;;;;;;;;;;;;;;;;;;;;;;;;;;;;;;;;;;;;;;;;;;;;;;;;;;;;;;;;;;;;;;;;;;;;;;;;
dbm8KQsfvl13tgMfqsaG8LndzVs6vlA4meZn7IulbsGw3bfEUk4jVFbO9XxF6NjL;04.04.2019 22:16;04.04.2019 22:17;;;1;;;;;;;;;;;;;;;;;;;;;;;;;;;;;;;;;;;;;;;;;;;;;;;;;;;;;;;;;;;;;;;;;;;;;;;;;;
BTghONMnkN4679reOjbRDsM2hMggP1QwkyVoKA4z8m9S1s_aFuhgkoCOqS731Yb_;04.04.2019 23:08;;;;;;;;;;;;;;;;;;;;;;;;;;;;;;;;;;;;;;;;;;;;;;;;;;;;;;;;;;;;;;;;;;;;;;;;;;;;;;
CRsqlJMIpJspo6fmqDoeE3jQQEu3RN85GKPojED0ZkbU-Xd0ZI5z6ffbMh21RCme;04.04.2019 23:10;04.04.2019 23:13;04.04.2019 23:13;;1;4;4;4;4;3;5;3;4;4;5;4;4;5;5;4;4;5;3;5;5;5;5;5;4;4;3;5;3;4;4;4;5;4;5;4;5;3;4;5;3;4;3;3;4;5;4;4;4;3;5;3;4;3;4;3;3;3;4;4;4;4;4;4;5;4;3;4;6;;2;3;;13, 18;
PdopMmxwcLuEph9lCa86wRKpSHNISEUD-DlX2Ydq_Qc_mfPdPycEgAoip5VY_Kyf;04.04.2019 23:15;04.04.2019 23:27;04.04.2019 23:27;;1;3;3;4;1;1;1;2;2;1;3;3;6;2;4;4;4;3;4;4;5;5;1;4;6;2;5;4;3;4;6;3;3;6;5;6;5;5;5;6;4;4;4;5;2;1;6;4;6;4;5;5;4;4;2;5;6;4;6;6;5;6;3;5;5;5;6;5;6;;2;2;;37;
PdopMmxwcLuEph9lCa86wRKpSHNISEUD-DlX2Ydq_Qc_mfPdPycEgAoip5VY_Kyf;04.04.2019 23:28;;;;;;;;;;;;;;;;;;;;;;;;;;;;;;;;;;;;;;;;;;;;;;;;;;;;;;;;;;;;;;;;;;;;;;;;;;;;;;
#NAME?;05.04.2019 01:19;05.04.2019 01:25;05.04.2019 01:25;;1;;;;;;;3;;;;;;2;;;;;;;5;3;1;4;;;;;;;6;;;;4;;2;;2;;;;;;;2;;;;;;;;;;2;2;;;;6;;;6;6;;;;6;;1;7;;32, 33;
YUC5yH8IFZUgmfde0qlom7eCEiFD-cIStqx5UuPTKUgJrFn3Z1dZxYe8MSsCa6oE;05.04.2019 08:19;05.04.2019 08:33;05.04.2019 08:33;;1;5;3;3;2;1;1;1;1;1;1;3;5;3;6;6;5;1;4;2;3;2;4;5;4;2;2;2;5;5;6;4;4;5;4;3;6;3;5;4;1;5;6;5;4;6;5;4;5;4;5;5;4;6;6;6;4;6;6;1;4;6;2;3;5;2;4;5;6;;2;1;;13, 31;
DbBvpnX2U-3s_CCV02i39DLYMAa0W00jszTGuyRYD7zUKzuGclq-zKlZdeWf1ALO;05.04.2019 08:57;05.04.2019 09:08;05.04.2019 09:08;;1;3;2;4;3;1;2;1;2;1;1;2;2;2;3;3;3;;5;4;5;5;1;3;5;4;2;4;4;6;5;4;4;4;3;5;4;5;5;5;5;5;4;5;4;5;5;4;4;4;5;4;3;3;2;4;5;4;4;3;4;4;3;2;6;3;4;5;6;;2;1;;12, 39;
kUxXAkpeJS_ikauCBGPJJ7OUBL4dkpub9cs2K7eFXhxnb2-MIO1opt4Z4-B5VNNI;05.04.2019 09:17;05.04.2019 09:52;;;1;4;;3;;;4;4;4;3;3;;3;;;4;;4;5;2;2;2;3;;5;;;3;5;2;;4;3;4;5;4;;5;4;4;4;2;3;5;4;2;2;2;2;;4;4;3;4;5;3;4;4;;;4;;;2;5;2;4;2;;;;;;;
ljkuEQZPrYnDymZqFGk9UqlWiOjhJMN8f4Dz8GAFPI0r5gXsXA07vexn7VCCtgyR;05.04.2019 09:49;05.04.2019 09:58;05.04.2019 09:58;;1;3;5;;3;1;1;1;2;1;1;2;2;2;4;2;3;;2;2;3;6;;5;;5;4;5;3;4;6;2;5;5;5;6;3;5;5;5;5;6;5;6;;3;5;3;5;4;5;5;6;5;4;3;6;4;5;3;5;6;1;2;6;2;5;6;6;;4;7;;4, 48;
ljkuEQZPrYnDymZqFGk9UqlWiOjhJMN8f4Dz8GAFPI0r5gXsXA07vexn7VCCtgyR;05.04.2019 09:59;;;;;;;;;;;;;;;;;;;;;;;;;;;;;;;;;;;;;;;;;;;;;;;;;;;;;;;;;;;;;;;;;;;;;;;;;;;;;;
76ijB7-x8Oh1fj8kPyStQHItU-2aKFViYAlt21O3JOMNdmdGuKAeL2P_e2tTPjrN;05.04.2019 10:13;05.04.2019 10:37;05.04.2019 10:37;;1;4;4;3;4;4;4;5;3;4;4;3;5;3;5;3;4;4;4;4;3;3;3;5;4;3;4;3;3;5;2;3;4;3;4;5;4;4;4;3;3;3;3;5;3;3;4;3;2;3;3;3;5;4;4;3;3;5;3;4;4;3;5;3;4;4;3;3;6;;2;7;;4, 42;
76ijB7-x8Oh1fj8kPyStQHItU-2aKFViYAlt21O3JOMNdmdGuKAeL2P_e2tTPjrN;05.04.2019 10:37;;;;;;;;;;;;;;;;;;;;;;;;;;;;;;;;;;;;;;;;;;;;;;;;;;;;;;;;;;;;;;;;;;;;;;;;;;;;;;
z99O8VfGmoBcemu5oUTw4PG2EKyyebR4qeKwxlHlA4RAqwSnGuLxqlusuIQdY5QV;05.04.2019 11:46;05.04.2019 11:59;05.04.2019 11:59;;1;3;3;3;4;2;2;2;2;4;2;3;4;5;4;4;5;4;4;3;4;4;4;4;3;;5;4;3;5;5;4;5;5;4;5;4;5;5;6;5;5;3;4;5;3;4;;5;5;5;5;5;5;3;;4;5;4;2;4;4;5;4;5;4;4;4;6;;2;7;;4, 5;
y3B-406KS9mwDIN4NhULMnprKWzDipheyVX1bfCIPy4da_rI2RTbPc2ZWzgKO6eC;05.04.2019 12:10;05.04.2019 12:32;05.04.2019 12:32;;1;3;2;3;2;3;3;5;3;3;2;3;4;4;4;4;4;3;5;6;6;5;2;4;4;4;4;5;4;5;6;3;5;5;4;4;4;6;5;4;4;5;2;5;2;4;4;5;4;4;5;5;4;5;5;5;5;6;6;3;3;4;2;3;4;4;4;5;6;;2;1;;17;
FC5L6kEzXM538CUSacWptsJAvGZ1LnUa5RGwW48oHY8oWFuwHL6bm17Z0i3Sk6Zd;05.04.2019 12:29;05.04.2019 12:29;;;1;;;;;;;;;;;;;;;;;;;;;;;;;;;;;;;;;;;;;;;;;;;;;;;;;;;;;;;;;;;;;;;;;;;;;;;;;;
5YwCRtvIP-tjtn1yedpLTSwHY-qPF24DKKxDTcNtQ-ERzYrNgAOfY7YAl9MCOQX1;05.04.2019 12:51;05.04.2019 13:04;05.04.2019 13:04;;1;5;4;4;5;1;1;4;3;2;3;4;6;4;5;3;5;1;4;5;6;4;1;4;5;6;5;5;4;4;6;3;5;5;5;6;6;6;6;4;2;6;4;3;2;2;2;5;5;1;5;6;5;6;3;4;4;1;5;6;5;6;1;2;6;2;4;6;6;;2;7;;13, 17;
5YwCRtvIP-tjtn1yedpLTSwHY-qPF24DKKxDTcNtQ-ERzYrNgAOfY7YAl9MCOQX1;05.04.2019 13:05;;;;;;;;;;;;;;;;;;;;;;;;;;;;;;;;;;;;;;;;;;;;;;;;;;;;;;;;;;;;;;;;;;;;;;;;;;;;;;
by2JkbncVxyQu_6TRMR_1yEjimTo3_m8re1PJy35CkV17Q8IPMdROzdobICoaFUw;05.04.2019 13:09;05.04.2019 13:19;05.04.2019 13:19;;1;4;1;3;3;1;1;2;2;1;2;1;4;3;2;3;3;2;2;5;6;2;1;3;4;3;3;1;2;5;5;2;5;3;3;4;5;5;5;5;4;6;4;6;6;1;2;3;5;2;4;5;3;4;4;4;5;4;5;3;5;4;2;1;5;4;6;4;6;;2;1;;4, 44;
4iT727f23h9SFMOGuCqgoVI8LAoERq7G9fcM-Cp59pIyjSDzjWmfwBmLiCfmjDEl;05.04.2019 13:10;05.04.2019 13:15;05.04.2019 13:15;;1;4;5;3;2;4;5;2;2;5;3;4;4;4;4;3;2;4;4;4;6;4;1;3;3;4;3;3;3;3;5;5;4;3;3;2;2;3;4;2;4;5;3;4;3;5;3;4;6;3;3;5;5;5;3;3;4;4;3;4;5;3;4;3;4;3;5;3;6;;2;1;;5, 39, 52;Erziehungswissensca
tLwNkhHM95j4AO_6-GULTdwY1052IZ2RAw6I5Xp3ZIwZlMdvoVmmvRF9uPhoIATH;05.04.2019 13:35;05.04.2019 13:54;;;1;4;1;4;;;2;4;;2;1;5;5;3;5;5;5;4;5;5;6;4;;4;3;;;4;4;5;6;3;;;5;5;;4;4;;5;6;;5;5;;6;3;;5;5;5;6;6;5;6;;5;;;4;5;2;2;5;2;4;;;;;;;;
s0o61Qjhbc5nCUJdCtP8w2onVu9usQZSUjTLen12y9vsqCHQ-CtlSVWGV_QvS9J9;05.04.2019 13:42;05.04.2019 14:13;05.04.2019 14:13;;1;;3;4;2;2;1;3;4;3;5;2;5;4;1;3;3;3;3;5;5;2;3;2;3;5;5;5;2;3;1;5;4;3;2;4;2;2;2;1;6;4;5;3;1;5;4;1;1;4;4;3;2;4;4;4;3;4;3;3;1;5;2;3;4;1;5;1;6;;2;3;;4;
uDsRyo5oIeTKqY_J8Vd4GhP7E20rmSdtPxDyqmBn4rT-jM5zE6858KMxPctZYv6z;05.04.2019 14:09;05.04.2019 14:18;05.04.2019 14:18;;1;1;1;2;1;3;1;2;1;1;2;1;1;2;2;1;2;1;4;6;2;2;1;1;3;1;1;6;1;1;4;1;6;5;1;5;5;6;6;6;1;5;5;3;3;1;6;3;2;6;4;6;4;3;4;3;5;5;4;2;4;4;1;1;3;1;5;5;6;;6;1;;12, 44;
UQaDuqGlKtLmX8huvR69lK7w-p3aywJ3S_AYVTAaooRbCqr8iskvWpMbUCsPn8OC;05.04.2019 16:40;;;;;;;;;;;;;;;;;;;;;;;;;;;;;;;;;;;;;;;;;;;;;;;;;;;;;;;;;;;;;;;;;;;;;;;;;;;;;;
9I52nDjn-KpC0qRlZpR9TMSBM2st6VqZi80cndiMbJF0tp9buNhzHun56oJ-E6G4;06.04.2019 01:39;06.04.2019 01:48;06.04.2019 01:48;;1;3;3;3;2;5;3;5;1;2;2;2;3;3;3;5;3;2;5;4;5;5;2;2;5;4;2;;4;1;5;2;4;4;4;5;5;6;5;6;5;6;4;5;5;3;5;3;6;5;5;5;6;5;2;5;6;2;6;4;5;2;6;5;4;2;4;4;6;;2;7;;12, 37;
ktKZ8T4ihYwf2cvFTnQB6b3UvUTi3madj6kUKYZlAX11Y38F49DkoesMEIMtcW0g;06.04.2019 22:04;06.04.2019 22:06;;;1;;2;;;;;3;;;;;1;;;;;;1;;4;;1;;4;3;;5;2;;;;;;;;;4;;;;;;5;2;;;;3;;;5;;;;4;;;;;;;;;;;;;;;;;;;
azkLRGFpxRxoWuOvoqVUPBYjodVy4JIM05ckNs0rOYMD0gyIVykfE7TaMwKUSrb_;07.04.2019 11:07;07.04.2019 11:07;;;1;;;;;;;;;;;;;;;;;;;;;;;;;;;;;;;;;;;;;;;;;;;;;;;;;;;;;;;;;;;;;;;;;;;;;;;;;;
MliDnDfYEbc39AZCNTm-Dpv0icxXOlTPehfGgt_J8alomP1u01gHah6-9_54_86y;07.04.2019 13:41;07.04.2019 13:52;07.04.2019 13:52;;1;2;2;4;3;1;3;4;4;2;2;1;3;3;2;2;4;2;4;4;5;5;2;4;5;4;5;4;2;3;5;4;6;5;5;6;4;3;4;5;4;3;2;4;5;5;5;6;4;5;6;5;3;6;5;4;5;3;4;5;5;5;4;4;6;2;6;6;6;;2;1;;12, 27;
MliDnDfYEbc39AZCNTm-Dpv0icxXOlTPehfGgt_J8alomP1u01gHah6-9_54_86y;07.04.2019 13:53;;;;;;;;;;;;;;;;;;;;;;;;;;;;;;;;;;;;;;;;;;;;;;;;;;;;;;;;;;;;;;;;;;;;;;;;;;;;;;
PhPFmh0Y-XbrUGXxBD2Bnn-tw9_9km6VNAHyw-HpFGMwCuFY2bPmhCwOsxApCZrn;07.04.2019 20:14;07.04.2019 20:31;07.04.2019 20:31;;1;2;3;2;2;2;4;4;3;2;3;2;6;3;4;4;5;2;3;6;5;5;2;3;5;3;6;5;5;5;5;5;5;5;5;5;5;6;5;5;4;5;6;6;6;5;6;5;6;5;5;5;6;4;6;5;4;3;4;6;4;6;5;5;6;3;6;5;6;;2;1;;31, 39;
PhPFmh0Y-XbrUGXxBD2Bnn-tw9_9km6VNAHyw-HpFGMwCuFY2bPmhCwOsxApCZrn;07.04.2019 20:32;;;;;;;;;;;;;;;;;;;;;;;;;;;;;;;;;;;;;;;;;;;;;;;;;;;;;;;;;;;;;;;;;;;;;;;;;;;;;;
QBznE4XbJQivuCSuurPzJASZv_FRqMtYa5YtBP3SkQgrTxDmrOtgBvQ0rfCzY4Ka;07.04.2019 20:47;07.04.2019 21:08;07.04.2019 21:08;;1;3;2;3;3;1;2;4;2;1;1;2;5;2;3;5;5;1;4;3;5;5;2;4;4;5;4;1;4;4;6;4;5;6;6;3;5;4;5;4;5;4;6;6;6;6;5;6;6;5;4;5;5;5;5;5;6;5;5;5;6;6;1;1;6;2;6;5;6;;2;7;;4, 42;
XytfQALDUrEr8vgxLBKeXYBEyf5SXexM8dut7vo8RJ92R-eevPpYgVXWPHtlfBrx;07.04.2019 22:37;07.04.2019 22:51;07.04.2019 22:51;;1;3;1;2;2;1;2;3;2;2;1;4;3;3;3;2;2;2;3;4;5;3;2;4;5;3;3;4;3;4;5;5;5;4;4;3;4;6;5;4;1;5;4;5;6;6;;3;6;6;5;5;3;3;4;3;4;2;4;3;4;6;2;2;6;5;5;6;6;;4;3;;5, 12;
ZYEauEGwKQrhOlsYLfypO3m-fYuAAezuBwmTbqJH_YAbgdCp6A0IHTzI9143RIT9;07.04.2019 22:41;07.04.2019 22:41;;;1;;;;;;;;;;;;;;;;;;;;;;;;;;;;;;;;;;;;;;;;;;;;;;;;;;;;;;;;;;;;;;;;;;;;;;;;;;
-R043lMgDFFZ7aNlnsJUhYNKksPqVnLz5a8gxNDipRJwFCaRu3bI0rzB0jZGS0Le;08.04.2019 09:45;08.04.2019 09:45;;;1;;;;;;;;;;;;;;;;;;;;;;;;;;;;;;;;;;;;;;;;;;;;;;;;;;;;;;;;;;;;;;;;;;;;;;;;;;
g2JsYaVN_T_PjjkdzeVjEB6UMJDjroraBngt4xIq1w3Bd9bDq-HDVbHre2Oabo6x;08.04.2019 10:57;08.04.2019 11:09;08.04.2019 11:09;;1;3;2;2;3;1;1;3;1;1;1;1;4;1;2;4;3;1;2;6;4;4;1;4;3;4;4;5;3;3;5;4;5;5;5;5;5;6;5;5;3;3;4;3;4;4;4;4;4;4;5;5;5;3;5;5;5;5;5;2;4;4;2;1;6;2;4;4;6;;2;5;;4;
qAv_bADR1mHZj1wWeT7m9qs6l-IHkX_JYgoHyZMvgKwXpK1V6W_bNBwIWUqEo-N-;09.04.2019 11:26;09.04.2019 11:26;;;1;;;;;;;;;;;;;;;;;;;;;;;;;;;;;;;;;;;;;;;;;;;;;;;;;;;;;;;;;;;;;;;;;;;;;;;;;;
1JCnXTWslWxcxur_svXZ6DELHdTVY1sGKYCamUJoHgEV0KLLqmOKW7_vCqFl3chL;10.04.2019 16:25;10.04.2019 16:25;;;1;;;;;;;;;;;;;;;;;;;;;;;;;;;;;;;;;;;;;;;;;;;;;;;;;;;;;;;;;;;;;;;;;;;;;;;;;;
mC4C_RZXlN0xlSTMRN3THouxnGeoEPG5lrGMaXDViqUnBSE4IhCM3xp_hJkY8cGK;10.04.2019 18:04;10.04.2019 18:18;;;1;;;;;;;;;;;1;;4;;;;1;;;6;;3;;;;;;;;;3;;5;;;5;;;;;;;6;;5;;;;;;;6;;4;;;2;;;;;4;1;6;;;;;;;;;;
eTl4NqClGGIuf4-BVyaTl9YM84Wlh9OOoWbhQ4pOHZI6iqSnNhi2VNdqQqgGs56Z;13.04.2019 21:25;;;;;;;;;;;;;;;;;;;;;;;;;;;;;;;;;;;;;;;;;;;;;;;;;;;;;;;;;;;;;;;;;;;;;;;;;;;;;;
DcWwPPhn5IawEoJDZGRIQsmgxGsaauvLOBFZgFKGCuZKgfbmB6XRSGiqneLvzAZk;16.04.2019 11:32;;;;;;;;;;;;;;;;;;;;;;;;;;;;;;;;;;;;;;;;;;;;;;;;;;;;;;;;;;;;;;;;;;;;;;;;;;;;;;
SIyCb5zGAKbCPitUpn_h38QmHNZnD_PceMwfxq8xaUOGSDgmGMtXH1udy6FWXf7U;23.04.2019 10:09;24.04.2019 15:42;;;1;5;5;5;5;1;5;3;4;;2;2;3;4;5;3;;4;5;5;4;5;5;6;3;4;5;5;;5;5;5;5;5;;6;;;;6;5;;6;;4;5;;5;;6;5;5;5;6;;5;6;5;5;;;6;;;;5;6;5;;;;;;;
yXEE7g8j3m3dc8IbP6jEjpcUOHHVZ_Ko2oXOUVjd7rQRyOLi6cWfjExo0ZJAWIqa;23.04.2019 10:54;24.04.2019 15:43;24.04.2019 15:43;;1;3;1;3;4;1;6;6;1;1;1;1;6;3;1;6;4;1;1;6;6;5;1;2;6;4;1;2;5;6;6;4;3;5;4;5;3;5;3;6;4;6;2;1;3;5;6;6;6;6;1;3;3;5;3;1;6;1;5;1;6;6;3;1;6;6;6;6;5;;12;5;;30, 44;
GSlHBESNM9jfQbEIECKAZxKYV9KKoKRW_eHlyzRd_gH88L9_DuLN9JRnWLpKLwkZ;23.04.2019 10:54;24.04.2019 15:41;;;1;3;2;3;2;2;4;2;2;2;4;2;4;3;3;2;3;2;3;2;5;3;3;4;4;3;4;3;5;3;4;4;4;5;5;4;4;3;3;4;3;4;4;4;3;4;5;5;4;5;4;4;5;4;4;3;3;4;4;3;5;5;3;3;5;3;4;4;5;;10;5;;15, 18;
D1qyS2RaQCKDDU71hqMxaTl1_Nkid8qSSiuVTrj9eZUHQzX8yELXEJDKTktCGXe1;23.04.2019 11:12;23.04.2019 11:32;23.04.2019 11:32;;1;5;3;3;3;1;1;4;1;1;1;1;2;3;3;2;2;1;2;6;5;4;1;3;4;2;1;3;6;5;5;5;6;5;6;5;6;3;5;4;6;4;5;5;2;4;4;6;4;4;5;3;5;5;5;4;5;4;2;5;4;5;3;1;5;3;4;5;5;;8;6;Berufliche Schulen: Abschluss staatlich anerkannte Erzieher*in, allgemeine Hochschulreife im beruflichen Gymnasium ;4, 43, 52;SozialpÃ¤dagogik/Psychologie
UyCMlghrI-UdMBEz8vO2CTxx-affQHHQSvzTkr37YaUebM78G27EzNXVOr8f7m2W;23.04.2019 11:12;23.04.2019 11:28;23.04.2019 11:28;;1;2;2;3;1;1;1;2;1;1;4;1;4;1;2;1;2;1;2;5;5;3;4;4;5;2;4;4;2;2;3;2;4;5;4;5;4;5;5;3;5;2;2;3;2;2;4;2;2;3;5;5;4;4;5;3;5;4;5;2;5;4;2;2;4;3;4;4;5;;14;5;;13, 30;
H-y8zevWTNBtGU6tcxGPuWutXF4m9iHbyktrLvsKa5JSWHcYQ2Ixd7QxTynhrc1W;23.04.2019 11:12;23.04.2019 11:27;23.04.2019 11:27;;1;2;3;2;2;1;2;2;1;1;1;1;2;2;2;2;1;;2;5;5;5;1;1;3;3;3;3;3;2;6;2;5;5;5;5;5;5;5;6;5;5;1;5;5;5;4;5;2;3;5;5;4;5;5;5;4;3;2;2;5;5;5;1;6;3;4;4;5;;13;5;;17;
HXHDy3AGoNeV_byAGUQG0AAZjYoxLHisHDRx2-WOTqhBk4lVwp9gIOlglcyY-WLf;23.04.2019 11:12;23.04.2019 11:30;23.04.2019 11:30;;1;3;2;3;3;4;1;5;1;2;1;2;3;2;4;2;3;1;3;5;6;6;1;3;4;4;4;5;4;5;5;5;3;5;4;3;4;3;2;3;3;4;4;4;4;5;4;4;6;4;3;3;3;6;3;3;4;3;4;3;4;6;3;2;5;2;4;5;5;;8;5;;13, 52;SozialpÃ¤dagogik/PÃ¤dagogik
4M7HdQJ5P7Hw00dkwa3osXgENMMQE4VJHAQf3aNfez3haweKKZPL8-ckJonNxH4i;23.04.2019 11:12;23.04.2019 11:31;23.04.2019 11:31;;1;2;1;3;3;1;1;2;2;1;1;3;3;3;4;3;5;2;3;5;4;4;1;5;6;6;3;4;4;5;5;5;6;5;6;5;6;5;6;4;4;3;4;4;4;3;5;5;5;6;4;2;5;5;4;4;5;4;6;4;4;4;3;2;5;;4;6;5;;8;6;berufsschulabschlÃ¼sse;13, 52;sozialpÃ¤dagogik 
7uUaRusEINIdOpgX4-aueO-2-YIUlXGEeIksEdUPxgZ5QGXPIoq9Q3NForojO82s;23.04.2019 11:14;23.04.2019 11:29;23.04.2019 11:29;;1;1;1;1;4;1;1;6;1;1;5;1;1;1;2;1;1;1;2;6;6;3;1;1;1;2;1;6;1;1;2;1;6;6;6;6;6;6;6;6;6;1;1;1;4;1;4;1;1;2;6;6;6;1;1;6;6;1;;4;6;2;3;;4;6;2;3;5;;8;5;;5, 44;
45T9dyUewhkprj0RGdBT51Wx5Kgg_0dc5UbmSyfl_iw0QDsZJlGDyFTcyl6co57o;23.04.2019 11:14;23.04.2019 11:18;23.04.2019 11:18;;1;5;5;5;5;3;5;5;5;4;3;3;3;4;4;5;4;4;5;5;4;5;4;4;4;6;4;5;4;3;5;5;5;4;5;4;5;6;5;5;4;4;5;5;3;5;4;6;5;5;5;5;4;5;4;5;5;4;5;4;5;5;4;5;5;4;6;4;5;;8;5;;2, 6, 34, 36;
gDvNdeXd3UXpLvaNaN1iD0Q6pJzyy-7IYsbGL7p4NfSTrNwvxtm1VuFB0x_zbFeI;23.04.2019 11:14;23.04.2019 11:26;23.04.2019 11:26;;1;1;1;1;2;1;1;3;1;1;1;1;4;1;2;2;3;1;1;1;5;1;2;2;3;3;1;2;4;1;4;2;4;5;5;5;4;6;5;6;3;1;1;2;1;1;4;2;5;1;5;4;3;4;3;4;4;1;4;2;4;4;5;4;5;1;3;4;5;;10;5;;12, 13, 18;
FPm__Na-nATwjiL2MFwt_vDmV1dfXPt8UTbxK1T29a6eXkShE4iJQNBV1dMt-KXS;23.04.2019 11:14;23.04.2019 11:28;23.04.2019 11:28;;1;2;2;2;2;1;2;3;2;1;1;2;2;2;4;3;4;1;3;6;5;5;1;4;3;3;2;4;4;4;5;2;3;5;5;3;4;5;5;3;3;3;3;5;2;4;5;6;5;5;3;5;3;6;4;4;2;3;2;1;5;6;2;1;5;3;5;5;5;;9;5;;12, 37;
2ZUhqfzKfS4qQBd0cAHRiUP4qC5pmTYHDolo_h5EGMz4KNBJRnNP-qRDidMKBtLM;23.04.2019 11:14;23.04.2019 11:29;23.04.2019 11:29;;1;1;1;1;;1;2;3;2;1;1;1;2;2;2;3;2;2;1;4;6;6;1;5;2;3;2;4;4;4;5;6;3;5;5;4;4;6;5;4;2;2;4;3;2;4;5;5;5;6;4;4;4;4;3;5;5;5;4;2;5;6;3;1;5;2;4;4;5;;10;5;;13, 17, 44;
m4IBfZljDSEaoobOvT8-KOrSrK6nrH9q-H0NCNR5bY9Im3A1sbxiUe-0ejC4IkNv;23.04.2019 11:14;23.04.2019 11:24;23.04.2019 11:24;;1;3;2;4;4;2;1;4;2;1;2;1;5;4;4;5;5;3;2;5;5;2;3;4;1;3;2;4;2;3;5;2;5;5;4;5;6;6;5;5;4;3;5;3;2;4;5;5;3;3;5;5;4;2;3;4;6;2;5;4;5;2;2;1;6;2;5;4;5;;10;5;;13, 18, 43;
ZnAmXzmXDpN_zvFhDFNNXinXT6-TY4F9Sbl59XHbapzOftiVRmEzQQOusB2LtXzK;23.04.2019 11:15;23.04.2019 11:29;23.04.2019 11:29;;1;3;2;2;2;1;1;2;3;2;1;1;1;3;2;3;1;2;4;2;4;4;3;4;4;2;4;5;3;3;4;2;5;5;3;5;5;5;6;5;4;3;5;4;5;4;5;3;5;5;6;5;5;6;3;5;6;5;6;2;3;6;1;2;5;5;2;4;5;;8;5;;36, 50;
YhyRTVahYPt8LQJ_0rh-p3uKwQPDpDzni3kOfUIsZ42RiCoIqf6ytIrnYXmQ1Bbu;23.04.2019 11:15;23.04.2019 11:29;23.04.2019 11:29;;1;5;4;4;4;3;1;5;3;1;1;5;4;2;3;4;5;4;4;1;4;5;3;5;1;5;5;4;3;2;6;5;5;5;4;6;4;3;5;5;6;6;5;5;2;4;3;4;4;4;5;5;5;4;5;4;4;3;5;1;5;6;;2;5;1;5;5;5;;10;5;;12, 13, 17;
nbypWF6jmSzkEKU7-bAHKGfhCj08LN_HyCRD8ZYnD4OQN3yNQ-GbmCGn5qitFi9S;23.04.2019 11:15;23.04.2019 11:31;23.04.2019 11:31;;1;2;1;3;1;1;5;2;1;1;4;1;3;2;3;1;3;3;4;5;6;3;1;3;2;4;1;1;5;4;6;6;4;5;4;3;4;5;5;2;1;5;4;6;1;6;5;6;3;6;1;4;1;5;5;1;6;3;5;1;6;6;3;1;6;3;6;6;5;;10;5;;12, 17, 25;
wb_g40kTFunHNF7xP7s1hFycX2NdXQwDmXQkvyxkYKG1VmLo94d3c5-OqXO4rH60;23.04.2019 11:15;23.04.2019 11:34;23.04.2019 11:34;;1;2;3;1;3;1;1;1;1;1;1;2;2;2;2;2;2;1;4;5;5;4;1;5;5;4;4;4;5;5;5;3;4;5;5;4;4;5;5;6;6;3;3;3;5;4;4;5;5;4;3;3;5;5;3;5;5;2;5;3;5;4;5;2;4;3;5;4;5;;8;5;;5, 13;
fIdffC99aPrWe_ckeSD5VfGt8edXUNThODz0Kxlq-YHwqgjpXni1KQjN-bSufNQO;23.04.2019 11:15;23.04.2019 11:28;23.04.2019 11:28;;1;1;1;1;1;1;1;1;1;1;1;2;6;1;4;3;4;2;5;6;6;6;6;4;6;5;1;4;1;4;6;2;6;6;6;6;6;6;6;6;6;2;2;6;6;6;6;4;6;6;6;6;5;6;6;4;6;6;5;5;6;6;1;1;6;6;6;6;5;;8;5;;12, 13;
mZ-QPQfCobfl0iKFbEwx6NLglD9hhxZMaI3kkRqSV_oNFgxbHl_MpAfyuGUjZQht;23.04.2019 11:15;23.04.2019 11:25;23.04.2019 11:25;;1;3;3;4;3;1;2;4;4;3;2;2;5;3;4;4;4;4;5;2;3;5;2;3;4;5;5;4;4;3;5;5;5;5;4;5;5;5;4;5;5;4;4;5;4;4;6;3;5;3;5;4;4;4;4;4;4;5;5;4;4;4;6;3;4;5;5;4;5;;8;5;;12, 37;
bLCWyPMu1pzI3w52dUzA4jTZCdmxQbIwo539srIHn4xTWAf8eOV6oKuzUBiV6PZf;23.04.2019 11:15;23.04.2019 11:27;23.04.2019 11:27;;1;2;2;3;2;1;1;3;2;1;1;1;3;1;2;2;3;1;3;5;5;4;3;2;5;3;2;4;4;1;5;3;4;5;4;2;4;3;3;3;2;3;4;4;3;2;4;5;4;5;2;3;5;4;6;4;4;4;4;4;4;4;4;3;3;3;4;4;5;;9;5;;13, 16;
Ox1Ty_XJH_X1tkKI6jihU1n5dl033W68RQbqkLkyy-c9NA-28LiUgCJ4xdYU4mh2;23.04.2019 11:15;23.04.2019 11:24;23.04.2019 11:24;;1;1;2;2;2;1;1;1;1;1;1;1;1;2;3;1;2;2;5;4;3;2;1;2;4;3;2;5;3;4;5;4;5;4;5;5;6;6;6;3;5;4;2;5;5;5;2;4;4;5;5;5;4;5;5;4;6;4;4;3;4;3;5;3;6;4;4;4;5;;8;5;;12, 13, 18;
usd3dxZ7GV9YLVV96FO2aVUN1Up6jH9ag_yJRb7o0iIZRrGkthXIAGdnw1pV3Lvf;23.04.2019 11:15;23.04.2019 11:30;23.04.2019 11:30;;1;2;2;2;2;2;4;3;2;1;3;1;4;4;1;4;4;3;3;5;4;3;3;3;5;5;4;1;5;4;5;5;4;5;5;4;5;3;3;3;2;5;5;5;4;5;3;4;6;6;6;5;5;5;5;4;5;2;6;4;6;6;5;3;6;5;6;6;5;;8;5;;12, 37;
6cSwpcli7OZXp0zAXlFv8Tgr3R6W6Luu6mO3Jn9FHsrIHqBozs2BWqgD0UrFxh2y;23.04.2019 11:15;23.04.2019 11:29;23.04.2019 11:29;;1;2;1;3;2;1;1;2;2;1;1;3;4;2;2;4;2;1;1;4;5;2;2;5;5;3;4;3;3;4;5;4;4;5;6;4;4;2;3;4;2;3;3;3;5;3;3;3;4;2;6;4;6;5;5;2;6;2;5;2;5;6;6;2;6;1;4;5;5;;8;5;;4, 13, 16;
nwJdyTzhPIM2c6yyRMDsQ_q3MTkMQPwnVjL7PABMUWzT9LTzt1CiQbJwx7Gk0Wk7;23.04.2019 11:15;23.04.2019 11:29;23.04.2019 11:29;;1;2;3;3;3;1;1;1;1;1;1;1;2;2;2;1;1;1;2;5;2;2;1;3;4;4;2;1;6;4;5;6;6;6;4;4;4;4;5;3;3;2;3;4;1;1;5;5;5;6;5;2;5;4;5;3;5;3;4;2;5;6;2;1;6;3;4;6;5;;8;5;;18, 30;
pJtTo7QSvLC1-1ANOSGPFmSPA7U--_jPB7tK2p1lZ-5Ct1CcEr1bFhT5am7hQddv;23.04.2019 11:15;;;;;;;;;;;;;;;;;;;;;;;;;;;;;;;;;;;;;;;;;;;;;;;;;;;;;;;;;;;;;;;;;;;;;;;;;;;;;;
A02V-kikYxwtaNaRUeklbShOys90Vbkd2YqOvlHlJGvXcgFU0sL-HVDJAD1vwkxR;23.04.2019 11:15;23.04.2019 11:29;23.04.2019 11:29;;1;2;1;2;2;1;1;2;2;1;1;2;4;2;4;4;4;3;4;5;6;4;1;4;3;2;3;4;6;6;5;3;5;5;3;2;4;6;3;5;2;5;2;5;5;6;6;6;6;5;6;4;6;3;2;2;5;3;6;3;6;5;6;1;6;2;5;6;5;;11;5;;4, 12;
vZwHcsaePTy8wCcGV7x4oHYjlIkLrp8-rip2fs3fl8jj-TWTkwwtPjl05ZwS1mzR;23.04.2019 11:15;23.04.2019 11:25;23.04.2019 11:25;;1;2;1;1;1;1;1;4;1;4;1;1;2;1;2;1;1;2;5;6;3;5;3;4;3;6;4;2;2;1;6;1;4;6;5;3;2;1;5;1;2;6;5;3;6;6;6;5;6;6;6;2;3;4;1;2;4;5;3;1;6;;6;3;5;4;6;3;5;;7;5;;18;
k6WzVzgmMQvPyeHB5lHZlUewigL_YNgB2jBRwoYOQK1FwJNodHT7u0e2KSI5N2aM;23.04.2019 11:15;23.04.2019 11:27;23.04.2019 11:27;;1;2;4;3;1;2;2;2;1;3;1;1;1;2;2;3;3;2;5;4;5;2;1;1;4;3;2;5;3;2;4;4;4;4;5;4;4;4;3;2;1;3;4;5;2;2;4;5;6;2;4;4;3;5;4;2;2;1;4;2;4;5;1;2;6;1;4;5;5;;9;5;;12, 13, 18;
iGo7vuNHSWSf6Ke92QZylxKRidMAhVLMQI9_AWGpRi4IwdmsyJpfMIIWEtDGkPCz;23.04.2019 11:15;23.04.2019 11:35;23.04.2019 11:35;;1;4;4;4;4;1;1;2;2;2;1;2;2;4;4;5;4;2;2;4;3;2;3;2;3;2;4;2;2;1;4;2;6;5;4;5;5;3;6;5;4;3;3;3;2;2;5;6;6;4;2;2;2;2;2;5;6;2;2;2;5;5;1;1;4;2;6;6;5;;8;5;;36;
lRWQ1WgmZNy5WhvSsr7DYiyBgOmtwzPdAWvwYA_MO-BSjVOAoyQieyq9b9vD6Wap;23.04.2019 11:15;23.04.2019 11:33;23.04.2019 11:33;;1;3;2;3;2;1;2;5;2;3;2;1;5;3;3;4;4;3;3;5;5;5;3;4;5;3;3;3;4;5;6;4;4;5;4;4;4;4;5;3;;5;4;5;6;5;5;5;5;5;2;4;4;4;3;;4;4;3;4;;5;5;1;6;2;4;4;5;;10;5;;18, 49;
_045hBvlpgnXMmbeU6i3p0H_AGUr5ydaNX0tk7u1K_Ln5oKSu2rc22RSkEzl-UVG;23.04.2019 11:16;23.04.2019 11:29;23.04.2019 11:29;;1;1;1;2;1;1;2;2;2;1;2;1;2;1;2;2;2;1;5;5;4;2;1;3;2;2;3;6;1;2;2;2;3;2;3;2;4;2;5;3;5;3;2;2;2;2;2;3;5;2;4;6;5;4;2;4;5;2;4;5;3;3;3;2;2;2;2;2;5;;8;5;;13, 43;
ZZbMIiexzSAvbHNItqma3r2v34wvk4pBt0wajQrvsWhegpYMJhatNZtjSMb_U66i;23.04.2019 11:16;23.04.2019 11:30;23.04.2019 11:30;;1;3;2;2;3;2;1;2;1;2;1;1;1;2;1;2;4;1;3;6;4;4;1;3;4;2;3;6;3;3;2;4;4;6;4;4;5;6;5;4;5;3;3;4;2;2;3;3;4;4;4;4;3;3;4;5;5;5;5;4;4;3;6;3;5;5;2;3;5;;7;5;;31, 36;
k6TMoUPwiX0VJYdvX4t1K4l5tmw0wUAfpWMd9u8jSGmSt1dZlk4zxeqcN9O5nDDt;23.04.2019 11:16;23.04.2019 11:25;23.04.2019 11:25;;1;3;2;3;3;2;3;3;3;2;2;2;2;3;3;2;3;2;4;2;3;2;2;2;5;4;2;3;4;5;4;3;4;4;4;4;4;4;5;4;2;2;3;3;;4;4;4;6;4;3;4;4;5;2;3;4;1;3;3;4;5;4;6;4;2;5;5;5;;8;5;;11, 12, 37;
Y7xubRcKmoOCGMELNqLzIVyE7xsUP5_8lRtxo_3cVLrDgi84BQTqDtH8yPk3XIhW;23.04.2019 11:16;23.04.2019 17:47;;;1;;;;;;;;;;;;;;;;;;;;;;;;;;;;;;;;;;;6;;;;;;;;;;;;;;;;;;;;;;;;;;;;;;;;;;;;;;;
w3gX4zqMDSxMaV1HA1KXbj_DHeEA8eofDTBUmumr-rzRPB14Kbg8C_aq7Z1KuyLt;23.04.2019 11:17;23.04.2019 11:34;23.04.2019 11:34;;1;4;3;2;4;2;1;1;2;1;1;2;3;;2;1;3;1;5;1;3;2;1;2;3;2;2;3;3;4;5;3;1;6;2;4;4;4;1;2;2;5;2;3;3;2;4;1;2;2;4;4;6;;1;1;5;3;2;2;4;2;2;4;3;2;2;1;5;;11;7;;14, 30;
9gpN0kIlgzVVavXz_f2YUvHqAbk_YiBxEss38CxTVh1JPsFE1WPAq7WxG4rjSmzL;23.04.2019 11:17;23.04.2019 11:22;;;;;;;;;;;;;;;;;;;;;;;;;;;;;;;;;;;;;;;;;;;;;;;;;;;;;;;;;;;;;;;;;;;;;;;;;;;;;
#NAME?;23.04.2019 11:18;23.04.2019 11:18;;;;;;;;;;;;;;;;;;;;;;;;;;;;;;;;;;;;;;;;;;;;;;;;;;;;;;;;;;;;;;;;;;;;;;;;;;;;;
H-y8zevWTNBtGU6tcxGPuWutXF4m9iHbyktrLvsKa5JSWHcYQ2Ixd7QxTynhrc1W;23.04.2019 11:27;23.04.2019 11:28;23.04.2019 11:28;;1;;;;;;;;;;;;;;;;;;;;;;;;;;;;;;;;;;;;;;;;;;;;;;;;;;;;;;;;;;;;;;;;;;;;4;;1;1;;9;
fIdffC99aPrWe_ckeSD5VfGt8edXUNThODz0Kxlq-YHwqgjpXni1KQjN-bSufNQO;23.04.2019 11:29;;;;;;;;;;;;;;;;;;;;;;;;;;;;;;;;;;;;;;;;;;;;;;;;;;;;;;;;;;;;;;;;;;;;;;;;;;;;;;
HXHDy3AGoNeV_byAGUQG0AAZjYoxLHisHDRx2-WOTqhBk4lVwp9gIOlglcyY-WLf;23.04.2019 11:31;;;;;;;;;;;;;;;;;;;;;;;;;;;;;;;;;;;;;;;;;;;;;;;;;;;;;;;;;;;;;;;;;;;;;;;;;;;;;;
nbypWF6jmSzkEKU7-bAHKGfhCj08LN_HyCRD8ZYnD4OQN3yNQ-GbmCGn5qitFi9S;23.04.2019 11:31;23.04.2019 16:42;;;;;;;;;;;;;;;;;;;;;;;;;;;;;;;;;;;;;;;;;;;;;;;;;;;;;;;;;;;;;;;;;;;;;;;;;;;;;
JtJxwZ68aSeJAOsgnF9TGE30YqMUDSlMdm5YE4AiY70oqhXm5U7xO3AROr7bMd4T;23.04.2019 15:17;23.04.2019 15:33;23.04.2019 15:33;;1;5;4;5;5;3;3;2;4;4;1;4;4;5;4;5;4;5;4;6;6;5;1;4;4;3;4;4;5;6;6;5;6;4;5;5;5;6;6;6;4;6;4;6;6;5;5;4;5;4;6;5;6;5;5;3;6;6;6;5;4;6;5;1;5;;5;6;5;;9;5;;12, 18;
Wj8INeXTzC6QIzTf_ZiDOKBTl_X_Fq8rSSPXHB3xUQfrgKrY4UQZ1nRw9xEegutB;23.04.2019 15:18;23.04.2019 15:29;23.04.2019 15:29;;1;2;2;3;2;3;4;4;5;4;2;1;3;1;4;1;4;3;4;5;4;2;2;3;2;4;2;4;3;2;3;4;3;3;2;5;4;5;5;4;2;3;3;4;3;4;5;3;5;3;4;3;3;4;3;3;3;5;5;4;3;4;3;5;5;4;5;4;5;;8;5;;15, 31;
oSaET0dXXupVSf9fPN64R1SzJ3bsaXQr062iMyEWe93S_EcJrlW0G_Wrc9Rf1Iha;23.04.2019 15:18;23.04.2019 15:21;;;1;;;;;;;;;;;;;;;;;;;;;;;;;;;;;;;;;;;;;;;;;;;;;;;;;;;;;;;;;;;;;;;;;;;;;;;;;;
IOqMxtiNmsSmyY8eqk6544xc6Si6BVmDmdZAIVe0idJfLEGfEdqHilcdN8MvYvc6;23.04.2019 15:18;23.04.2019 15:34;23.04.2019 15:34;;1;4;2;1;4;1;5;3;1;2;3;1;2;3;2;;4;2;4;5;5;3;1;5;6;5;3;4;3;5;5;2;4;4;4;3;;4;4;2;1;2;5;2;5;5;4;5;6;2;3;2;5;6;1;2;5;2;6;3;4;4;3;5;5;3;2;5;5;;8;5;;13, 42;
VwwUc3geDEfMekEYMJtELosWMbKtPCtQ5MmlOAucmIbs29hYIWzk7NMD3S8qgzgR;23.04.2019 15:18;23.04.2019 15:30;23.04.2019 15:30;;1;2;3;3;2;1;1;2;1;1;1;3;3;2;5;4;4;1;1;2;5;3;1;3;2;4;3;3;2;3;5;2;5;6;4;5;5;6;6;6;4;3;2;2;3;2;2;2;6;3;;5;6;3;1;5;5;3;4;4;5;4;6;2;4;3;6;5;5;;8;5;;13, 14, 18;
v1uFf80-4An3MRdb14XUxoEXJX_XKnKqqh3TzesejWyPWan2mR8Bxzur94qzAzK0;23.04.2019 15:19;23.04.2019 15:33;23.04.2019 15:33;;1;1;1;2;1;1;2;1;1;1;1;2;2;2;3;2;2;1;1;3;4;4;2;3;5;3;2;4;5;3;3;1;4;4;5;5;5;5;4;5;4;2;2;3;2;2;5;3;3;6;4;4;5;5;5;5;4;2;6;3;5;3;2;2;3;5;3;1;5;;10;5;;12, 13;
IRU3w8aGhfq5OdWzND6iPL5-vrThbU-W7JM1THkn2CrmqS3swH5_JNZ-0toEQ46E;23.04.2019 15:19;23.04.2019 15:30;23.04.2019 15:30;;1;2;4;4;3;4;1;2;2;2;2;2;1;2;4;3;3;1;5;5;4;2;1;2;3;3;2;3;5;3;5;4;3;3;4;3;4;5;4;4;3;3;5;5;5;5;5;2;2;3;3;3;5;5;3;5;4;4;3;4;4;4;3;4;5;3;5;4;5;;8;5;;12, 44;
iT6DU8Vtjx1iyaSRW-YOw2boDqrbXhbAakB_rvmpF8pRgSJQi5qs7FxniOS7q1jC;23.04.2019 15:19;23.04.2019 15:30;23.04.2019 15:30;;1;2;2;2;3;1;1;3;1;1;1;1;2;2;2;2;2;2;2;5;6;4;1;4;6;4;4;3;4;3;5;4;3;4;4;3;3;3;4;3;4;2;3;4;3;2;4;2;5;4;3;3;4;3;3;3;4;4;3;2;6;6;2;2;5;2;5;6;5;;8;5;;13, 43;
rPeHLmy8_UMP1FWagySH74jGGnotGr86kaYV5hIk7aaKk_5uOZYGvZrWdcO0-jNc;23.04.2019 15:19;23.04.2019 15:37;23.04.2019 15:37;;1;2;3;;2;1;2;2;1;1;1;3;4;3;3;4;2;1;;6;5;4;1;2;4;3;3;5;4;5;6;5;4;5;4;3;4;3;6;4;2;3;3;4;4;3;5;5;5;6;4;4;5;5;4;5;3;3;5;3;4;4;2;2;6;2;4;4;5;;8;5;;12, 15;
TQO98AyynS2RWHfM3PXR8zQl2xbjazX4gWjSoIrhXL-pWFkHLLN3tHXTV8e51AcD;23.04.2019 15:19;23.04.2019 15:38;23.04.2019 15:38;;1;3;2;2;2;2;1;1;1;1;1;1;1;2;2;4;2;2;1;3;5;2;1;4;3;4;5;4;4;4;5;4;4;4;3;5;3;3;4;5;3;3;4;4;2;2;5;5;5;5;4;4;3;3;4;3;3;3;3;2;5;5;3;1;5;1;5;4;5;;7;5;;12, 13;
TTWMHBJwudSdi96THS7jEL_iYY-7BkMa3wQ40kEOS-9YT0XJcpvSsMyBogSYKhB5;23.04.2019 15:19;23.04.2019 15:32;23.04.2019 15:32;;1;1;1;1;3;1;1;1;1;1;1;1;4;1;3;3;4;1;3;5;5;2;1;3;5;2;3;2;3;5;3;3;4;4;2;4;4;5;6;5;4;1;4;2;4;1;6;6;5;5;2;3;5;4;2;5;4;3;4;4;5;5;1;1;4;4;5;4;5;;8;5;;12, 17;
yjA2OiZ9lU7TAqCq6YwB49vc9zaUPNF-rpqgj1Dfqc-2pa8ZTXe43SKcA1r12R2H;23.04.2019 15:19;23.04.2019 15:34;23.04.2019 15:34;;1;2;3;4;3;1;2;4;2;2;1;1;2;2;4;2;3;2;2;4;4;2;2;2;4;3;3;4;4;4;6;5;5;5;2;5;4;5;5;5;2;5;2;4;4;2;3;4;5;4;3;5;2;5;2;4;4;2;5;4;3;4;3;2;5;3;3;3;5;;8;5;;5, 44;
vfIF4j6gFMWZS6plLa_C02a1yLO9-_GmEOlIRHSrJ15wSWG_7NlfOJuLxHcG_Vmy;23.04.2019 15:19;23.04.2019 15:34;23.04.2019 15:34;;1;1;1;3;2;1;1;5;2;2;1;1;4;2;4;5;5;2;2;6;5;5;2;2;4;3;2;6;3;3;6;3;3;4;2;2;4;5;5;4;2;2;3;4;2;4;5;4;3;3;2;3;2;4;3;5;2;2;4;2;5;2;;3;6;3;;2;5;;11;5;;35;
j7VH1HMrjacSwqwLQj2b_uJoEnZt4fbxkcPn_aey0CtYg23Jhn9LFOxm9hTX0mgF;23.04.2019 15:20;23.04.2019 15:34;23.04.2019 15:34;;1;2;2;2;2;1;1;4;2;1;1;1;5;2;2;3;2;1;3;3;5;3;1;4;3;2;2;5;1;2;4;2;5;5;5;2;5;5;4;4;2;6;3;4;3;4;5;6;5;2;3;2;2;5;4;1;5;1;4;5;3;4;2;2;5;3;4;4;5;;13;5;;12, 14, 18;
NqktzIWSwrqs3zkn3LejgN2vyiYtMWWMd6NVqMz2pHkKRkSrcmd1aIQfrk-dnkZn;23.04.2019 15:20;23.04.2019 15:33;23.04.2019 15:33;;1;2;3;3;3;1;1;1;1;1;1;3;5;4;3;2;4;1;4;5;6;3;1;4;3;3;4;4;3;3;6;3;4;5;6;6;4;5;4;2;5;6;;4;1;5;4;4;2;3;2;6;3;3;3;4;4;4;3;2;4;6;2;2;2;2;6;5;5;;12;5;;13, 18;
g1cJnDSN506_3rASePBy67DbYygjPDtEn4LZx5MKa8kjhQhaRwt6r6pmH-axV2fp;23.04.2019 15:20;23.04.2019 15:33;23.04.2019 15:33;;1;3;2;4;3;1;5;1;2;4;1;1;3;3;3;2;4;1;2;5;5;4;4;4;2;4;3;4;4;5;5;4;5;4;5;5;4;5;5;5;3;2;3;2;4;3;6;4;5;4;5;5;5;4;2;5;5;5;3;1;4;4;2;2;5;1;5;4;5;;10;5;;13, 18;
Ex17imoOnE7ngIn14f0rH-WzaovyxxNq8-5-NQMaKEwBwq_CFMgOglAhRfIc1ddC;23.04.2019 15:20;23.04.2019 15:33;23.04.2019 15:33;;1;2;4;3;2;1;3;1;5;2;1;1;4;1;5;2;5;2;6;6;6;5;1;5;5;4;1;6;2;1;5;4;5;5;3;6;4;6;6;6;6;5;2;4;2;4;;5;6;2;5;5;3;5;5;5;5;6;5;4;5;4;2;5;4;2;5;5;5;;8;5;;6, 13;
qoT72dXiqjWZXbGoeUEG0r-ylkRa1cWYtAkGcvepIYKqHtogsHNlbWueLzNHx9hb;23.04.2019 15:20;23.04.2019 15:34;23.04.2019 15:34;;1;3;1;1;2;1;1;1;1;1;1;1;1;2;1;4;2;1;2;2;6;6;1;1;2;2;2;3;3;2;;2;5;5;5;4;6;3;3;6;4;2;4;2;4;2;3;5;3;3;5;4;5;2;2;2;5;2;4;4;4;4;2;3;4;3;5;4;5;;8;5;;4, 13, 14, 35;
pMVVEnZek8kVh3L6Rd3Yeh9Wh7xY9t9dqUUEGifphhYSUODQ9iFvX6PAV7uDCUOo;23.04.2019 15:21;23.04.2019 15:34;23.04.2019 15:34;;1;2;1;3;3;1;1;2;2;2;1;2;3;2;4;1;2;2;2;5;5;3;3;4;3;5;5;5;3;3;6;4;5;5;6;5;4;5;6;5;5;4;4;4;2;2;6;5;4;5;5;5;6;5;4;5;3;2;6;2;5;5;2;2;4;2;5;6;5;;9;4;;13;
A7JlebtVHyzsE4WB_b_p3S7eOP1xOuyEyzAtWEc8a8ocpKlHpzsL9H-UlEEpzQH5;23.04.2019 15:22;23.04.2019 15:41;23.04.2019 15:41;;1;4;4;3;4;2;2;4;2;4;2;3;4;3;3;4;3;3;4;4;5;3;4;5;4;4;4;2;4;4;5;2;5;4;3;4;5;4;4;4;5;4;4;4;5;3;4;4;4;4;4;5;4;4;5;5;3;4;4;2;4;4;4;2;5;2;4;5;5;;12;5;;31;
#NAME?;23.04.2019 15:22;23.04.2019 15:30;23.04.2019 15:30;;1;3;1;2;3;2;1;3;2;1;3;3;2;3;4;5;5;3;3;6;6;6;2;4;5;4;5;6;5;4;6;4;5;5;5;5;6;6;5;6;6;6;5;6;5;4;6;5;5;6;6;6;5;5;5;5;6;5;6;2;6;5;6;4;5;4;6;6;5;;10;5;;13, 18;
kPIJIl0i71Un9MzMQScgrmkrtDbrSsf4dSVHxkpGi_9HNr27Dnj9Q-kWjfQ4VOx3;23.04.2019 15:22;23.04.2019 15:36;23.04.2019 15:36;;1;3;4;;3;1;3;3;3;4;2;3;3;1;4;3;;1;5;4;6;3;1;1;;3;;;4;4;4;4;5;5;5;6;6;4;5;6;3;6;3;4;3;6;5;4;6;5;4;4;3;6;4;1;6;5;4;;4;;4;3;6;;;4;5;;10;5;;18;
vFn1n1aBSfA3Gctl9ehoq6FyeiWL8m3AaPY1v38U0eqTA4voNTt2AoOGBqpB3WWm;23.04.2019 15:26;23.04.2019 15:37;23.04.2019 15:37;;1;3;4;2;3;4;2;4;4;3;2;3;4;3;3;4;3;2;4;3;3;4;3;3;4;4;3;4;4;3;4;5;5;4;4;5;3;4;6;4;3;3;4;3;3;3;4;4;5;4;3;4;4;5;5;3;4;3;3;4;3;5;3;3;3;3;3;3;5;;12;5;;13, 18;
GaTVtyj0ylmOLPu29zjB3UXrjXQ0IoRIEhYVQ-Kfb0tfYuuxsq_-a6zURNeslvae;23.04.2019 15:29;;;;;;;;;;;;;;;;;;;;;;;;;;;;;;;;;;;;;;;;;;;;;;;;;;;;;;;;;;;;;;;;;;;;;;;;;;;;;;
Wj8INeXTzC6QIzTf_ZiDOKBTl_X_Fq8rSSPXHB3xUQfrgKrY4UQZ1nRw9xEegutB;23.04.2019 15:29;;;;;;;;;;;;;;;;;;;;;;;;;;;;;;;;;;;;;;;;;;;;;;;;;;;;;;;;;;;;;;;;;;;;;;;;;;;;;;
P2-00wl2QjeXxf2DVetprVHvhmuNMPimzFAxnwu3oljR9Av1XauBVcaBL8ZMHS_L;23.04.2019 15:29;;;;;;;;;;;;;;;;;;;;;;;;;;;;;;;;;;;;;;;;;;;;;;;;;;;;;;;;;;;;;;;;;;;;;;;;;;;;;;
5AD91-gubwr-521DLlNepwDppDRLgI7n44FhTm79CROIWvimh24UuO4iAKWZmelU;23.04.2019 15:30;;;;;;;;;;;;;;;;;;;;;;;;;;;;;;;;;;;;;;;;;;;;;;;;;;;;;;;;;;;;;;;;;;;;;;;;;;;;;;
#NAME?;23.04.2019 15:31;;;;;;;;;;;;;;;;;;;;;;;;;;;;;;;;;;;;;;;;;;;;;;;;;;;;;;;;;;;;;;;;;;;;;;;;;;;;;;
JtJxwZ68aSeJAOsgnF9TGE30YqMUDSlMdm5YE4AiY70oqhXm5U7xO3AROr7bMd4T;23.04.2019 15:34;;;;;;;;;;;;;;;;;;;;;;;;;;;;;;;;;;;;;;;;;;;;;;;;;;;;;;;;;;;;;;;;;;;;;;;;;;;;;;
TQO98AyynS2RWHfM3PXR8zQl2xbjazX4gWjSoIrhXL-pWFkHLLN3tHXTV8e51AcD;23.04.2019 15:38;;;;;;;;;;;;;;;;;;;;;;;;;;;;;;;;;;;;;;;;;;;;;;;;;;;;;;;;;;;;;;;;;;;;;;;;;;;;;;
imzCEdyeCHEGxUNF6iFXWX8q1OSVPk8R5QIfahi8VZGCMol3jXtTGJ1w_c4Rr99i;23.04.2019 16:50;;;;;;;;;;;;;;;;;;;;;;;;;;;;;;;;;;;;;;;;;;;;;;;;;;;;;;;;;;;;;;;;;;;;;;;;;;;;;;
L3TkoduZOY_oCLZPfaZVBBnEpgGqZDtaD3D_yRwdpBR9gANQ4OtC0wqTTa4cb_y9;23.04.2019 18:09;;;;;;;;;;;;;;;;;;;;;;;;;;;;;;;;;;;;;;;;;;;;;;;;;;;;;;;;;;;;;;;;;;;;;;;;;;;;;;
SNVYce5KfLy8GgS_2ijDV5r9Gl5K9HHiu1Ln3PzaMe6VWMFllq7LGOjK4dUK-5q6;24.04.2019 14:23;24.04.2019 14:36;24.04.2019 14:36;;1;4;3;2;2;4;1;3;2;2;1;2;2;3;2;2;3;1;3;5;5;3;5;3;4;4;3;4;2;1;6;1;5;5;4;6;4;6;5;4;4;3;1;3;4;2;5;6;6;4;4;5;4;3;4;2;5;2;4;4;5;6;6;3;4;1;4;4;5;;8;5;;6, 13, 35;
W07ldou3CdJkrgdamGKXjrGOVLrrY6PqkcLMDtoKj_xu_7ZY__QtC3m3mw9y-la-;24.04.2019 14:23;24.04.2019 14:36;24.04.2019 14:36;;1;2;3;3;3;2;1;4;4;2;1;2;4;4;4;3;5;2;3;4;5;5;3;4;5;4;4;5;4;4;6;3;4;5;6;5;5;6;4;5;4;4;5;4;5;3;5;5;6;3;5;5;3;5;5;6;5;4;5;5;6;6;5;2;4;5;5;5;5;;6;5;;13, 43;
B0vIycE-J95SfvI1vraTgMn60lEjjDFJV9sBeaXSsb5xrqJ4a8GTrdmpd43jgjtc;24.04.2019 14:23;24.04.2019 14:37;24.04.2019 14:37;;1;1;2;2;2;1;1;1;1;1;1;1;5;2;2;2;3;1;1;2;6;4;1;4;4;3;5;2;2;2;4;2;5;5;5;4;3;4;1;4;5;2;3;4;5;1;4;3;4;3;4;3;5;4;5;2;5;1;5;3;4;4;5;2;6;3;5;5;5;;6;5;;12, 13;
1CsKV7RVngCMQrabiT8dQbJkNpp6DEyEtzAHHUsgKdqfYiGudaFVIEV1_LTS1Mqt;24.04.2019 14:23;24.04.2019 14:36;24.04.2019 14:36;;1;1;2;1;2;1;1;2;1;1;1;1;2;1;4;2;1;1;1;6;6;2;1;2;4;1;1;5;3;1;4;1;4;5;4;6;2;6;5;4;2;1;2;3;5;1;5;6;4;4;3;5;2;4;2;4;6;1;5;2;3;4;6;2;4;6;4;4;5;;4;5;;13, 43;
xkDfGIH19SpfRApmzJMvxyeGC7xu-pApWUk7OIXEnoWm_qfss4kFPmL5PzSmV_1p;24.04.2019 14:23;24.04.2019 14:40;24.04.2019 14:40;;1;2;2;1;2;1;1;2;2;1;1;1;2;2;1;1;3;2;2;6;5;3;2;5;4;3;3;5;5;4;5;3;5;5;4;4;5;5;5;3;4;5;5;6;5;4;6;6;4;5;4;5;4;3;3;3;5;5;4;3;6;5;2;1;6;2;5;6;5;;4;5;;13, 43;
eAAUrk71WorbiWUl6NBnptkrdVbNAJuD-w0D8lPvv_m9jCTxp9Rizpzbimibjcqd;24.04.2019 14:23;24.04.2019 14:31;24.04.2019 14:31;;1;2;2;3;2;1;1;2;4;1;1;1;1;2;3;1;2;1;6;3;5;4;2;5;6;4;2;6;1;3;3;2;6;4;6;5;6;6;5;6;6;6;2;6;5;4;5;4;6;2;5;5;5;5;6;5;4;2;4;2;5;5;6;4;6;4;3;4;5;;6;5;;4, 13, 27;
J09hzGAsBy9sXHGlgzAnAo9YjAh_p58auTiX5F4y2td3_KhczHHO-7zBmMVGoC49;24.04.2019 14:23;24.04.2019 14:39;24.04.2019 14:39;;1;4;3;3;3;2;2;3;3;2;2;3;4;4;3;4;4;3;3;3;5;4;4;3;4;4;3;4;4;4;5;3;4;5;4;4;4;3;4;3;3;4;5;5;4;4;5;6;4;5;5;4;4;5;4;3;3;3;5;2;6;5;4;2;6;3;4;4;5;;6;6;beruflicher Abschluss;4, 14;
YXp9MzYR1Zk050M6LKb6PK9GMkQ-F0jcfiN6vvNzVFZjcphGPp73ukVtV3Cju4OS;24.04.2019 14:23;24.04.2019 14:35;24.04.2019 14:35;;1;4;3;3;3;1;1;3;3;2;1;2;2;4;4;3;4;2;6;5;5;4;2;3;4;3;3;5;4;4;5;5;5;5;5;4;4;4;5;4;3;4;4;5;5;4;5;5;6;5;5;5;5;5;4;3;5;5;4;2;4;5;4;3;5;3;4;4;5;;4;5;;5;
IqP7KUAxOd46V4KwL8oCEWo0WaHXCp6e3HMRlcP-jf1QbskleN52XjjX0LV2IVG9;24.04.2019 14:23;24.04.2019 14:35;24.04.2019 14:35;;1;3;2;2;3;2;2;3;2;2;2;2;3;3;3;3;3;3;2;3;4;5;2;4;5;4;3;3;5;4;5;3;4;4;4;3;4;4;4;4;3;3;4;5;3;4;4;4;5;5;4;4;5;4;4;3;5;4;4;3;5;5;3;3;5;2;5;5;5;;6;5;;13, 35;
GLZjMQWH2aWbrialp_uEGUFuaQLGPISVZjy_RcQGsO1uqDjjJRFGXS0BZde-_Vd4;24.04.2019 14:23;24.04.2019 14:34;24.04.2019 14:34;;1;1;3;2;3;1;1;3;1;1;1;1;4;1;3;1;3;1;1;6;6;5;1;2;6;1;1;6;5;6;6;1;6;5;5;2;5;3;6;1;3;5;6;6;6;3;3;3;3;;6;6;6;6;5;4;6;;6;;6;3;6;;6;1;6;3;5;;4;5;;13, 18;
ttt_AaXGfn1JaMbdPFivu2C6B5n489nvY7ony7I_xE4s7G5N8tmafoAb1fm4juM3;24.04.2019 14:23;24.04.2019 14:31;24.04.2019 14:31;;1;2;3;2;4;1;1;1;1;1;1;1;1;4;3;4;4;1;2;2;4;4;2;2;5;3;4;3;6;1;6;3;4;5;5;3;4;5;4;5;3;5;5;5;4;5;4;3;4;2;5;5;5;5;4;2;5;5;5;5;4;4;5;4;5;5;3;5;5;;5;4;;13, 18;
RJWpwd_JDlQurc6A7og7sP_65Bsll1Z3ZJZASqCCSrMsle3TETbD5uSVSWx-46ab;24.04.2019 14:23;24.04.2019 14:39;24.04.2019 14:39;;1;2;3;3;2;3;1;1;2;2;2;2;4;3;2;2;3;2;3;4;4;3;2;4;5;3;5;4;4;4;5;3;4;5;4;4;3;4;5;4;1;3;4;3;3;3;4;2;5;5;4;4;4;5;5;4;3;2;5;5;3;5;4;3;5;3;5;5;5;;6;5;;13, 52;SozialpÃ¤dagogik
RHsl27MPRH627qgwy9Py4FNigHoYi1Ba0e9LNxB7dChM9HnciOswOTkk1V08TMIc;24.04.2019 14:23;24.04.2019 14:38;24.04.2019 14:38;;1;4;4;4;5;3;2;3;2;2;2;2;5;4;4;4;5;3;3;5;5;4;2;4;5;4;4;4;5;2;5;5;5;5;5;5;4;5;4;5;4;4;4;5;4;5;6;5;4;6;5;5;6;5;4;4;4;5;5;3;4;5;3;3;5;3;4;5;5;;6;5;;5, 18;
X_PzV1W-bpOjdbwcDG-BiRMmJ6Ue8fRZcNxo3xSV_bGcrT9aJPIbusO6lpO2DHI5;24.04.2019 14:23;24.04.2019 14:39;24.04.2019 14:39;;1;2;2;2;2;2;2;3;1;3;1;3;4;1;2;3;3;1;2;6;5;5;2;4;4;3;4;5;4;4;4;4;2;5;3;3;3;6;5;4;2;3;2;6;2;3;5;3;5;5;3;3;3;4;3;4;4;2;3;4;5;5;3;1;5;5;4;5;5;;6;5;;13, 35;
iiUJUQyzgx7qBjawgKBrePNHi-r_Nt2irBcvyxAuGVp2WL5jghteAtixDacWxbAk;24.04.2019 14:23;24.04.2019 14:37;24.04.2019 14:37;;1;2;1;2;4;2;1;1;1;1;1;1;2;1;2;4;6;1;2;5;4;2;3;2;6;3;3;4;5;3;6;2;5;4;3;3;6;6;6;6;6;1;1;4;2;1;2;1;2;5;4;6;6;6;6;6;4;3;3;3;3;3;3;4;3;6;3;4;5;;6;5;;13, 44;
vYPWtWw7VvmW-sG7frp9ItLMiYfSLWq6EkZdrbC_S9VztQoGZJ_L48uzH7gWHWcM;24.04.2019 14:23;24.04.2019 14:35;24.04.2019 14:35;;1;3;5;3;3;3;1;3;4;2;4;4;5;4;3;4;5;5;4;3;5;4;2;4;6;5;3;3;4;3;5;4;5;4;6;5;5;6;6;5;6;6;2;3;2;5;6;6;5;4;5;5;6;6;5;6;6;5;5;2;5;5;2;1;6;5;5;6;5;;5;5;;12, 13;
JtWz0K5FkWro7dz0lHza8Euz05jZiR1QODDJos_254s7Wj6AHzpXrCnnJWVO2gKq;24.04.2019 14:23;24.04.2019 14:39;24.04.2019 14:39;;1;4;4;4;4;1;4;1;1;1;1;4;1;4;4;4;4;4;2;6;6;5;3;4;5;5;5;4;5;1;5;4;5;5;5;6;6;5;5;6;5;5;4;6;4;2;6;2;4;4;5;4;5;5;4;4;5;4;5;4;6;5;4;4;6;4;5;3;5;;6;7;;18;
YkQ4mv-qqQD1JRoQ9bwCu8OJXSO-IOEiTy3ocyPFmaIUhkgj92wrqrzr-zgtBW4f;24.04.2019 14:23;24.04.2019 14:37;24.04.2019 14:37;;1;2;4;3;3;1;1;2;4;1;1;4;3;2;2;3;3;3;5;4;4;5;1;2;3;3;2;;2;4;6;2;4;3;3;4;2;4;2;4;2;6;4;5;4;5;2;3;4;1;4;4;4;4;5;2;4;4;5;4;4;6;4;5;6;4;5;3;5;;6;5;;13, 43;
47yrHW7SmblqajwbyHccwgdcU7jdfhFsr9K7ZOYDbyoENkHEXOsYknPTy_I6yEoZ;24.04.2019 14:23;24.04.2019 14:33;24.04.2019 14:33;;1;2;2;2;2;2;2;5;2;2;2;1;2;2;2;2;4;2;2;5;5;5;2;4;2;4;5;6;5;5;5;3;5;4;5;4;5;5;5;5;5;3;5;5;5;2;5;4;5;3;4;4;5;4;5;5;5;4;4;2;3;3;2;2;4;3;4;4;5;;6;4;;12, 18;
aYWMsMoFSuDTAW8IvleRa2hGtjNSyZbSF_ZUoGfKll7D_a45owC55fJHq7BZp-vV;24.04.2019 14:24;24.04.2019 14:53;24.04.2019 14:53;;1;1;4;2;2;1;1;2;1;;1;1;1;2;2;2;3;1;1;;5;4;1;2;5;2;3;6;3;1;5;2;3;5;4;5;5;6;5;4;4;;1;2;1;2;5;;3;3;5;5;5;;5;2;4;3;;2;5;6;5;1;6;2;5;5;5;;8;5;;13, 17;
L4qLChZ5_3wdjhYR5KGJ9r_e8CCrr2APcdNoII8FVt7lgKDcm7q69UTAQ-N85TAr;24.04.2019 14:24;24.04.2019 14:42;24.04.2019 14:42;;1;2;2;3;2;1;1;2;1;1;1;2;2;2;3;2;2;1;2;4;5;3;1;2;4;3;2;5;4;4;4;4;4;5;5;6;4;3;3;4;3;3;4;4;2;2;5;6;5;4;4;4;3;5;4;4;5;3;5;4;5;3;2;1;3;1;4;5;5;;8;5;;25;
J5V7HSz8ixImw3kfm60X3tsLj_fFk4RZUP9GswZ-GaOnHtp7DPiZSkFFMikBTp2d;24.04.2019 14:24;24.04.2019 14:31;;;1;;;;;;;;;;;;;;;;;;;;;;;;;;;;;;;;;;;;;;;;;;;;;;;;;;;;;;;;;;;;;;;;;;;;;;;;;;
R0bQAQGOAIu3d0O72-YDFvE6QUGm9wcYLdAaINNlvigVwzetajvetgw4fREoQqrT;24.04.2019 14:24;24.04.2019 14:39;24.04.2019 14:39;;1;1;1;1;2;1;1;3;1;1;1;1;2;1;3;3;2;1;2;5;6;4;1;4;3;4;1;5;2;1;6;5;3;5;2;4;3;6;5;5;3;2;6;4;6;5;4;6;5;5;3;4;3;4;3;2;5;4;4;1;6;6;1;1;6;2;6;4;5;;5;5;;4, 13;
6_UEkV0ycSMPTFyM5AyDi_NXiwTKHHeu8pOhYZwGoKn8Zdt0CJohxCQAt98vffnh;24.04.2019 14:24;24.04.2019 14:34;;;1;;;;;;;;;;;;;;;;;;;;;;;;;;;;;;;;;;;;;;;;;;;;;;;;;;;;;;;;;;;;;;;;;;;;;;;;;;
dfgbko5nyL1T9kwPKI3KP4MSVfpda1zteLQjSs3kHa31WBQyRoBHtzskRvK33Zl-;24.04.2019 14:24;24.04.2019 14:36;24.04.2019 14:36;;1;2;3;4;3;2;2;2;2;2;2;3;3;2;3;4;3;2;3;3;3;2;2;3;4;4;3;3;3;2;4;2;5;3;4;4;;4;3;4;4;3;2;2;3;2;3;3;5;2;4;4;4;4;3;4;3;3;3;4;4;4;3;;4;4;4;4;5;;5;5;;16, 43;
bG1yCLmpbIsVa3M7wyh_bjaM6RK9W0frqCU89QGFgC4Yn9m5k8yiQYdB70ZlNFZN;24.04.2019 14:24;24.04.2019 14:37;24.04.2019 14:37;;1;3;3;4;4;1;1;4;1;1;1;2;3;1;4;5;3;3;3;;6;5;1;3;5;2;3;5;1;;6;3;5;5;6;6;4;5;6;5;5;;4;5;5;6;5;6;5;5;4;5;5;6;4;4;6;4;5;4;5;5;3;;4;5;5;5;5;;6;5;;12, 13;
QS165QktgZKBETpfQyUboCXWg7WrtD2r1pfCnBBjUfnXapwjcbyeHpJy7hGcanL-;24.04.2019 14:24;24.04.2019 14:34;24.04.2019 14:34;;1;2;2;3;3;1;1;4;1;3;5;1;2;2;4;2;2;1;5;2;4;6;2;2;5;3;2;5;3;2;6;3;3;3;4;3;2;4;3;3;2;4;3;3;3;5;4;3;5;4;4;2;4;3;2;2;4;2;4;1;4;4;3;2;6;2;3;4;5;;6;5;;17, 44;
KyEO1hCH3P3pNVWwqJGXhBzZ2KHu91SqV5W9jQnOtI6KSymSkWJERbcCx7P1ltq5;24.04.2019 14:24;24.04.2019 14:42;24.04.2019 14:42;;1;3;5;5;5;1;1;3;4;1;1;3;4;3;3;4;3;1;3;5;5;2;2;6;4;2;4;3;4;6;3;4;4;3;4;4;5;4;4;4;3;3;4;5;4;5;3;5;5;2;4;4;4;4;4;2;5;3;5;3;3;6;2;2;5;2;5;4;5;;7;5;;13, 17;
ojVjtMF0j4N9Si-95A1uSw2W_Fpjh7E8lqwktqCvItyreOSVhcDs0nu0B-MI6okT;24.04.2019 14:24;24.04.2019 14:35;24.04.2019 14:35;;1;2;2;3;4;1;1;4;1;1;1;1;1;3;3;1;3;1;5;6;5;4;1;3;4;2;3;2;2;2;6;5;5;4;4;2;5;5;5;2;3;5;5;2;5;5;4;4;6;5;2;5;5;5;5;2;5;6;5;2;5;5;5;6;5;1;6;6;5;;4;5;;31, 36;
jGRnQBecIpYvpZSUUQlQW3aiay3LxBIRVMc_5EcpsTd0eTJ6x8Z2p5cL8clzU5rx;24.04.2019 14:24;24.04.2019 14:38;;;1;;;;2;;1;1;;;1;1;1;;2;;;1;;3;4;4;;;3;4;1;3;4;;;;4;5;;4;4;;;;3;3;4;;;4;2;2;;;5;4;3;2;4;3;4;4;;;;;;;4;;5;4;;;;;;;
Zli-RlBcdBln3NDHz3VEhpUpXU9GZv5NOhBLwGDuj_7NyuVhthSvGo2_pZ5vSbB0;24.04.2019 14:24;24.04.2019 14:35;24.04.2019 14:35;;1;3;4;3;4;1;1;1;1;1;2;1;6;2;4;2;5;2;2;4;6;3;1;2;5;3;2;4;4;5;5;4;4;5;5;4;3;3;5;2;2;3;5;5;4;5;6;4;6;3;4;4;6;5;2;2;5;2;5;3;5;4;2;2;5;2;5;4;5;;6;5;;12, 13;
NsJsELECeDe_0LC4cH3a7psjrB6i1IFzOdoSS98hDaAZOq4IROvY17D_oxELox2n;24.04.2019 14:25;24.04.2019 14:39;24.04.2019 14:39;;1;2;2;2;2;1;1;3;3;2;1;3;4;2;2;;2;2;;4;3;4;;2;3;;2;;2;2;3;2;4;3;3;5;4;4;4;5;4;1;1;3;2;;3;1;4;1;3;3;3;3;3;4;4;;2;;;4;3;;4;;3;3;5;;6;4;;43;
WsArIpvhg-NnA32vmoUxEIJ-OH8UVdszatpRUDDUSEJalrgZJ-V0WVkaHU4R82A-;24.04.2019 14:25;24.04.2019 14:39;24.04.2019 14:39;;1;4;4;3;4;1;1;1;3;2;2;2;2;2;4;3;3;3;5;5;6;6;2;2;5;3;2;5;5;3;6;4;5;5;5;4;5;2;4;3;3;4;4;4;4;5;4;4;5;3;4;4;4;5;3;4;5;4;4;3;4;6;5;5;5;3;5;5;5;;4;5;;13, 18;
MUyTtVlPdrlJhHfljo2BfgPc15ObFCXED-9z4QvyjdTy1dTqPS826So3ACCeGa2R;24.04.2019 14:28;;;;;;;;;;;;;;;;;;;;;;;;;;;;;;;;;;;;;;;;;;;;;;;;;;;;;;;;;;;;;;;;;;;;;;;;;;;;;;
PeWqYmifc2GPimufA5o71Aylz8HPGexE_FJ3AfQClqk1Iqr0S0L84I20k-urlB32;24.04.2019 14:33;;;;;;;;;;;;;;;;;;;;;;;;;;;;;;;;;;;;;;;;;;;;;;;;;;;;;;;;;;;;;;;;;;;;;;;;;;;;;;
YXp9MzYR1Zk050M6LKb6PK9GMkQ-F0jcfiN6vvNzVFZjcphGPp73ukVtV3Cju4OS;24.04.2019 14:35;;;;;;;;;;;;;;;;;;;;;;;;;;;;;;;;;;;;;;;;;;;;;;;;;;;;;;;;;;;;;;;;;;;;;;;;;;;;;;
vYPWtWw7VvmW-sG7frp9ItLMiYfSLWq6EkZdrbC_S9VztQoGZJ_L48uzH7gWHWcM;24.04.2019 14:36;;;;;;;;;;;;;;;;;;;;;;;;;;;;;;;;;;;;;;;;;;;;;;;;;;;;;;;;;;;;;;;;;;;;;;;;;;;;;;
SNVYce5KfLy8GgS_2ijDV5r9Gl5K9HHiu1Ln3PzaMe6VWMFllq7LGOjK4dUK-5q6;24.04.2019 14:36;;;;;;;;;;;;;;;;;;;;;;;;;;;;;;;;;;;;;;;;;;;;;;;;;;;;;;;;;;;;;;;;;;;;;;;;;;;;;;
W07ldou3CdJkrgdamGKXjrGOVLrrY6PqkcLMDtoKj_xu_7ZY__QtC3m3mw9y-la-;24.04.2019 14:37;;;;;;;;;;;;;;;;;;;;;;;;;;;;;;;;;;;;;;;;;;;;;;;;;;;;;;;;;;;;;;;;;;;;;;;;;;;;;;
X_PzV1W-bpOjdbwcDG-BiRMmJ6Ue8fRZcNxo3xSV_bGcrT9aJPIbusO6lpO2DHI5;24.04.2019 14:39;;;;;;;;;;;;;;;;;;;;;;;;;;;;;;;;;;;;;;;;;;;;;;;;;;;;;;;;;;;;;;;;;;;;;;;;;;;;;;
aYWMsMoFSuDTAW8IvleRa2hGtjNSyZbSF_ZUoGfKll7D_a45owC55fJHq7BZp-vV;24.04.2019 14:53;;;;;;;;;;;;;;;;;;;;;;;;;;;;;;;;;;;;;;;;;;;;;;;;;;;;;;;;;;;;;;;;;;;;;;;;;;;;;;
uFoDtgPyNrcmOwUxDGghxIerssgZ_46TsQUqATczOCDT0lQe-Npx9X3ndAPhwujs;24.04.2019 15:27;24.04.2019 15:44;24.04.2019 15:44;;1;2;3;2;2;1;3;3;2;1;1;1;2;3;2;2;2;2;5;2;5;2;5;3;3;4;2;4;2;2;5;2;4;4;2;2;3;4;5;4;5;2;2;2;2;3;4;5;2;4;4;3;4;2;2;4;2;3;3;1;4;5;2;2;5;3;3;4;5;;10;5;;13, 17, 34;
xPjP_q6062RAABMZSuLMhOvkTbO3O5oyzFNWVoDohBP8lBx-loAzu6GdxHvLBr_4;24.04.2019 15:27;24.04.2019 15:42;24.04.2019 15:42;;1;4;3;4;4;1;1;4;1;1;2;2;2;4;2;4;5;1;1;5;5;5;2;1;5;5;5;6;3;1;6;4;4;5;5;4;4;3;6;5;5;4;5;6;5;4;6;6;5;6;5;4;4;5;3;2;5;6;4;4;4;6;2;1;6;1;5;5;5;;10;5;;44;
ASVmjdF8BMi0F1tAEZdoKcsmYMvZ_23VZZWHk5t6pVa1hRpMYYPGotyJRBtULj8g;24.04.2019 15:29;24.04.2019 15:42;24.04.2019 15:42;;1;3;4;2;4;2;5;2;2;2;1;3;2;2;3;3;2;2;3;2;4;2;1;4;4;4;2;5;4;3;3;3;4;3;4;5;5;4;3;4;3;5;5;5;5;5;4;5;6;5;4;5;5;5;4;4;5;5;4;3;4;5;4;2;4;2;5;3;5;;10;5;;13, 43;
3G-k-XNqmt9QBHw40zl7jSnVEXHd9Op1qK666Uv1ZOkgQVVYSUPOjZdU2hcmBGvP;24.04.2019 15:29;24.04.2019 15:42;24.04.2019 15:42;;1;2;3;3;3;1;1;3;1;1;1;1;3;3;4;4;5;1;4;4;4;5;2;3;2;3;3;4;3;1;6;2;4;5;4;4;5;3;5;5;5;3;2;3;2;4;4;5;6;5;3;5;4;3;4;5;5;1;4;1;4;3;4;1;6;2;5;4;5;;11;5;;13, 18;
LrrwBce35w70sNGjW9d7FzbDDVYeJyq20C0uPGiv87nEHlul79lVPzluDgHIUQjT;24.04.2019 15:29;24.04.2019 15:43;24.04.2019 15:43;;1;2;1;2;3;1;1;2;1;1;1;2;1;1;1;1;4;2;2;6;4;4;1;4;3;3;4;3;4;2;5;3;6;6;5;3;5;5;5;4;5;4;5;2;5;2;4;5;6;2;2;5;3;4;4;5;5;2;5;4;5;4;6;2;3;6;6;4;5;;10;5;;5, 13, 42;
pZ9bM3EAK2O6-wrUeMjjUpx0EFk2EPoQLkBwkqWt1kHUmlTKJoHZ8xccKrsNYa2k;24.04.2019 15:29;24.04.2019 15:30;;;1;;;;;;;;;;;;;;;;;;;;;;;;;;;;;;;;;;;;;;;;;;;;;;;;;;;;;;;;;;;;;;;;;;;;;;;;;;
woljZN19tTcPorzghKU0GeULx7USdh8B1tGjIrPuGrJAAKp-Rvrp9tfiGgqF8_Ez;24.04.2019 15:29;24.04.2019 15:41;24.04.2019 15:41;;1;2;2;1;2;1;1;3;3;1;1;1;2;2;2;3;3;2;4;3;3;4;1;3;2;2;2;4;1;2;4;2;6;6;3;6;5;2;6;4;6;4;3;3;3;3;3;5;6;4;3;4;3;6;2;5;5;1;6;6;4;3;4;6;6;6;4;3;5;;10;5;;12, 25;
ga00LqkJTmoGiWE8EA0AuH_NWuDByE-lvRlwCLcelPhQRRfu7ChQO_UE9lyvovgJ;24.04.2019 15:30;24.04.2019 15:42;24.04.2019 15:42;;1;3;2;2;2;;;3;3;;1;1;1;2;3;3;2;;4;5;5;5;2;;3;;2;4;5;5;6;4;4;4;2;;4;6;;;4;5;4;4;3;6;5;6;4;4;3;2;2;2;;4;2;;3;;3;;3;2;3;5;5;5;5;;9;5;;12, 35;
FYZ69apRQelQer2cN0ej1TwLzuzAZAT_ABWX2vBHwCwzvcsZklCeZSyXU6_lsk48;24.04.2019 15:30;24.04.2019 15:38;24.04.2019 15:38;;1;2;2;1;2;1;1;3;1;2;1;1;1;3;2;4;1;1;4;4;5;5;2;4;4;3;2;6;5;4;4;4;4;3;4;5;4;5;4;2;3;2;3;3;3;2;4;4;5;3;4;5;5;3;5;5;4;4;4;1;5;6;4;2;4;2;5;5;5;;8;5;;52;SozialpÃ¤dagogik/Psychologie
KSxMtFx0-Xrv8HYTyKVYDHPaek6LBwK9ZF2s7ySdJVRihtlv5WwlIy2HjV9y5Y1Q;24.04.2019 15:30;24.04.2019 15:45;24.04.2019 15:45;;1;3;1;4;3;1;1;2;1;1;1;1;2;3;4;2;5;3;1;4;4;3;1;3;1;2;2;3;4;3;6;4;4;6;4;4;1;4;5;6;1;3;3;5;2;4;4;5;6;5;5;6;5;5;5;3;2;2;4;1;5;6;2;1;6;;6;6;5;;10;5;;27, 31;
FcLyu6ENwzgXRyEfnHKqFNMMn-mzVEipIq_wl2BQdEXa8-5pukWMR22yaZ7zWEw0;24.04.2019 15:30;24.04.2019 15:37;24.04.2019 15:37;;1;;;;;;;;;;;;;;;;;;;;;;;;;;;;;;;;;;;;;;;;;;;;;;;;;;;;;;;;;;;;;;;;;;;;5;;12;5;;18, 43;
Ek6oXiT8E0bJHi2UcFPpXI7k7QrY7m1bZz5_Xud5xMisLvNXwUgMXdbi4XEptKeF;24.04.2019 15:30;24.04.2019 15:38;24.04.2019 15:38;;1;4;3;4;4;1;2;2;2;1;2;1;4;4;4;4;4;2;4;4;6;5;3;3;4;3;5;4;3;3;5;4;5;6;5;4;6;6;6;5;3;4;4;5;4;5;5;4;6;4;5;5;5;5;4;5;4;4;6;2;5;4;6;5;6;2;4;4;5;;11;5;;12, 18;
UrqkCok3QlDPmam9ugIAWM-FcSGgbRr62w9FfYnxxp6I-h4GAa9r2zF7kgdzKYbO;24.04.2019 15:30;24.04.2019 15:44;24.04.2019 15:44;;1;4;;3;;1;1;4;1;2;1;;6;3;3;3;4;1;4;4;3;2;6;2;;3;;4;2;;3;;6;6;;6;6;6;6;6;;2;5;3;3;2;2;1;5;3;1;6;3;5;3;6;5;6;3;5;4;4;5;;4;5;3;4;5;;14;5;;18;
RVK7D_u5sNUc83Yyeaerd5PoDUnki2QFukCk56ECnCNQJoFznWqXYRGIdR_yILhG;24.04.2019 15:30;24.04.2019 15:41;24.04.2019 15:41;;1;3;1;;1;1;1;2;1;;1;1;5;2;3;1;;1;;1;;;1;1;2;1;1;;;1;;1;4;4;4;4;3;4;1;;5;;4;4;1;1;4;;;3;3;4;3;4;1;3;4;1;;3;4;4;3;;;1;4;;5;;8;5;;12, 13;
O_qxVca0daAbhurybmcj7GifOj2Y3IfI1kMPh_ybTJ6RXOWzbwgM5ilupDoHJPVf;24.04.2019 15:30;24.04.2019 15:42;24.04.2019 15:42;;1;4;2;1;2;1;3;3;3;1;1;4;1;2;3;4;4;1;4;6;6;4;2;1;3;5;2;;5;2;6;3;2;6;5;2;5;5;3;3;3;5;;4;3;2;4;4;6;5;2;5;3;5;;5;4;6;6;2;3;5;2;4;6;2;5;4;5;;12;5;;13, 18;
i8wgYRgK2tAzorZJwqcCgYs46KCd4sRNmmNgmbESHz4QFllqjBV2zjrumEaVzgeR;24.04.2019 15:30;24.04.2019 15:41;24.04.2019 15:41;;1;1;2;2;3;1;1;3;2;1;1;1;4;3;2;3;2;1;4;4;5;4;1;4;3;3;2;2;2;3;3;2;4;4;3;4;3;6;2;3;3;3;3;2;2;2;3;6;4;3;3;3;2;2;3;4;2;4;2;2;4;4;1;3;2;3;3;3;5;;10;5;;18, 31;
dkktBrs22HGuG9tFOK34_8ZYeW50YBxBIKySBAXkhoOPI3uO3Ez-4VQb1ihFTs9q;24.04.2019 15:30;24.04.2019 15:30;;;1;;;;;;;;;;;;;;;;;;;;;;;;;;;;;;;;;;;;;;;;;;;;;;;;;;;;;;;;;;;;;;;;;;;;;;;;;;
Oju38L8ep9OlthhHwrBUU4AtYa72VuNO3belk2t_dlgy6zxLVXxGqpsAhUm_lXKL;24.04.2019 15:30;24.04.2019 15:44;24.04.2019 15:44;;1;1;;1;;1;;5;1;1;1;;5;2;;;4;2;1;6;6;5;3;;1;3;2;5;6;;6;6;;;6;2;6;4;3;;2;5;6;;2;4;5;5;6;6;;5;5;6;2;;6;6;6;3;6;;;;6;;6;5;5;;10;5;;13, 17;
dGIJwQb5WS5_82tQTbRV_cXal5erlQfgkCHuq7Z-F4dT-QoB2HQpK8fG_XA31EE5;24.04.2019 15:30;24.04.2019 15:44;24.04.2019 15:44;;1;2;2;4;3;1;2;6;2;1;1;2;2;4;5;3;5;2;5;3;5;5;3;4;3;5;3;4;4;6;5;5;4;5;4;4;4;6;4;5;4;2;2;3;4;3;6;4;3;4;3;5;5;4;4;6;6;4;5;4;5;4;6;5;5;4;6;4;5;;9;5;;13, 15;
fqGof_dclFOL5tCFsQEcc8v9tLSmI7L6OSvQKxIgfxasy-7NVY6ON3m7BjH_hEOw;24.04.2019 15:30;24.04.2019 15:42;24.04.2019 15:42;;1;2;2;3;2;1;1;1;1;2;1;2;2;2;2;2;4;1;4;3;4;4;1;3;3;3;3;3;3;5;4;2;4;6;5;4;4;3;4;4;4;3;3;3;3;2;5;5;5;3;3;4;4;5;2;3;3;3;3;3;3;3;3;3;5;4;4;4;5;;10;5;;16, 31;
7lS2LuoKih4KKqTynoizA5CS7nZe0JmR_eYSkzaXRUb9HmqMdzUq4xAvAAwbDa-i;24.04.2019 15:30;24.04.2019 15:39;24.04.2019 15:39;;1;4;3;4;3;2;3;2;3;1;3;3;3;4;3;3;3;3;2;5;4;3;2;3;5;4;2;5;2;3;3;3;4;3;4;4;5;5;3;2;3;4;3;5;2;5;4;4;2;4;3;4;3;3;3;4;3;2;3;3;3;4;2;3;2;3;4;4;5;;10;5;;13, 43;
gexRehkHt92LO3osxPXv95bI69fFQcN3VQEhSh_TXtRI-VTlzkCD6P7ho9bAe_W7;24.04.2019 15:31;;;;;;;;;;;;;;;;;;;;;;;;;;;;;;;;;;;;;;;;;;;;;;;;;;;;;;;;;;;;;;;;;;;;;;;;;;;;;;
mU7VYrmW8PLeJBsrswmhED1GZq40UqegclTNad5bzY5ONBxj-rtvtT2ZcL8AIPvm;24.04.2019 15:31;24.04.2019 15:32;;;1;;;;;;;;;;;;;;;;;;;;;;;;;;;;;;;;;;;;;;;;;;;;;;;;;;;;;;;;;;;;;;;;;;;;;;;;;;
eEUmejNj4ANFSxOJ_KNsAEmO_eo2iWrNKhh_j_RVBqmJ_mu_ZXc0H9xqIz5H9_To;24.04.2019 15:32;24.04.2019 15:55;24.04.2019 15:55;;1;4;4;4;4;2;2;2;3;3;3;2;3;5;3;5;3;2;3;3;4;3;3;4;3;4;3;2;4;6;5;3;3;4;3;3;2;2;6;4;3;2;3;4;3;3;5;4;5;4;4;4;5;3;2;3;4;3;4;3;5;4;5;2;5;3;5;4;5;;10;5;;15, 30;
gv3fMNO-qrhiPUv1SiBksDcuKX55RCOYPrRQs30n0Kqa3veIDpxo6x4IShHtJJMo;24.04.2019 15:32;24.04.2019 15:47;24.04.2019 15:47;;1;6;6;5;6;2;2;5;6;5;6;1;6;5;6;6;6;3;1;2;1;1;6;6;6;5;6;3;6;6;6;6;1;5;1;1;5;2;5;1;1;5;5;6;6;5;6;5;6;6;6;2;1;1;2;1;1;5;6;5;6;6;5;1;6;1;6;6;4;;5;5;;4;
4V6jnhOSMSrTjzhAkxHEXh6heduqYIu8OMqxOEF_6b9cPA_O7L0AJ8tNtUKLA0hf;24.04.2019 15:33;24.04.2019 15:42;24.04.2019 15:42;;1;3;2;4;3;1;3;2;2;2;2;3;1;3;4;3;4;4;5;4;4;5;5;2;5;4;3;4;3;4;6;3;3;3;2;2;3;4;3;5;4;3;4;3;4;4;4;4;5;4;2;4;3;4;3;4;6;3;1;4;3;3;2;4;6;3;3;4;5;;10;5;;12, 13;
PLgblCkU9oOm4qXNJjOhlrMHD84DxyoiFYh0ss14xkRJgOy_0t8Xy2tzHtCpthN6;24.04.2019 15:34;;;;;;;;;;;;;;;;;;;;;;;;;;;;;;;;;;;;;;;;;;;;;;;;;;;;;;;;;;;;;;;;;;;;;;;;;;;;;;
DPkJcaWMQAXUYI7XeJyiedyJHofOIfbdrkym1wTU0d4Mib98pqX_IhFVrEnaHSoy;24.04.2019 15:34;;;;;;;;;;;;;;;;;;;;;;;;;;;;;;;;;;;;;;;;;;;;;;;;;;;;;;;;;;;;;;;;;;;;;;;;;;;;;;
zmPCGEpDHO50rAeiJ2-ZAvX7IO3OevuaOM0s7zs4kg7v2SR7mn6-1aol1Digleg5;24.04.2019 15:39;;;;;;;;;;;;;;;;;;;;;;;;;;;;;;;;;;;;;;;;;;;;;;;;;;;;;;;;;;;;;;;;;;;;;;;;;;;;;;
yXEE7g8j3m3dc8IbP6jEjpcUOHHVZ_Ko2oXOUVjd7rQRyOLi6cWfjExo0ZJAWIqa;24.04.2019 15:43;;;;;;;;;;;;;;;;;;;;;;;;;;;;;;;;;;;;;;;;;;;;;;;;;;;;;;;;;;;;;;;;;;;;;;;;;;;;;;
PnlmmUF5L0NsrXRaV-tGqyx5mnBIOcn3c6JLCJSiMT2Lcc5GqfO3tdoUBXk3CF0w;24.04.2019 16:49;;;;;;;;;;;;;;;;;;;;;;;;;;;;;;;;;;;;;;;;;;;;;;;;;;;;;;;;;;;;;;;;;;;;;;;;;;;;;;
